date,day_of_week,weather,menu_item,demand
2023-01-01,Sunday,Cloudy,Pizza,55
2023-01-01,Sunday,Cloudy,Burger,42
2023-01-01,Sunday,Cloudy,Pasta,58
2023-01-01,Sunday,Cloudy,Salad,42
2023-01-01,Sunday,Cloudy,Biryani,36
2023-01-01,Sunday,Cloudy,Sandwich,38
2023-01-02,Monday,Rainy,Pizza,46
2023-01-02,Monday,Rainy,Burger,24
2023-01-02,Monday,Rainy,Pasta,44
2023-01-02,Monday,Rainy,Salad,33
2023-01-02,Monday,Rainy,Biryani,44
2023-01-02,Monday,Rainy,Sandwich,26
2023-01-03,Tuesday,Cloudy,Pizza,21
2023-01-03,Tuesday,Cloudy,Burger,25
2023-01-03,Tuesday,Cloudy,Pasta,29
2023-01-03,Tuesday,Cloudy,Salad,35
2023-01-03,Tuesday,Cloudy,Biryani,40
2023-01-03,Tuesday,Cloudy,Sandwich,48
2023-01-04,Wednesday,Rainy,Pizza,36
2023-01-04,Wednesday,Rainy,Burger,40
2023-01-04,Wednesday,Rainy,Pasta,33
2023-01-04,Wednesday,Rainy,Salad,22
2023-01-04,Wednesday,Rainy,Biryani,19
2023-01-04,Wednesday,Rainy,Sandwich,15
2023-01-05,Thursday,Rainy,Pizza,25
2023-01-05,Thursday,Rainy,Burger,27
2023-01-05,Thursday,Rainy,Pasta,37
2023-01-05,Thursday,Rainy,Salad,33
2023-01-05,Thursday,Rainy,Biryani,27
2023-01-05,Thursday,Rainy,Sandwich,28
2023-01-06,Friday,Rainy,Pizza,26
2023-01-06,Friday,Rainy,Burger,31
2023-01-06,Friday,Rainy,Pasta,33
2023-01-06,Friday,Rainy,Salad,40
2023-01-06,Friday,Rainy,Biryani,50
2023-01-06,Friday,Rainy,Sandwich,34
2023-01-07,Saturday,Sunny,Pizza,46
2023-01-07,Saturday,Sunny,Burger,39
2023-01-07,Saturday,Sunny,Pasta,37
2023-01-07,Saturday,Sunny,Salad,36
2023-01-07,Saturday,Sunny,Biryani,38
2023-01-07,Saturday,Sunny,Sandwich,48
2023-01-08,Sunday,Cloudy,Pizza,41
2023-01-08,Sunday,Cloudy,Burger,37
2023-01-08,Sunday,Cloudy,Pasta,65
2023-01-08,Sunday,Cloudy,Salad,39
2023-01-08,Sunday,Cloudy,Biryani,53
2023-01-08,Sunday,Cloudy,Sandwich,33
2023-01-09,Monday,Sunny,Pizza,28
2023-01-09,Monday,Sunny,Burger,43
2023-01-09,Monday,Sunny,Pasta,49
2023-01-09,Monday,Sunny,Salad,38
2023-01-09,Monday,Sunny,Biryani,26
2023-01-09,Monday,Sunny,Sandwich,21
2023-01-10,Tuesday,Sunny,Pizza,22
2023-01-10,Tuesday,Sunny,Burger,43
2023-01-10,Tuesday,Sunny,Pasta,30
2023-01-10,Tuesday,Sunny,Salad,33
2023-01-10,Tuesday,Sunny,Biryani,43
2023-01-10,Tuesday,Sunny,Sandwich,37
2023-01-11,Wednesday,Rainy,Pizza,35
2023-01-11,Wednesday,Rainy,Burger,40
2023-01-11,Wednesday,Rainy,Pasta,45
2023-01-11,Wednesday,Rainy,Salad,46
2023-01-11,Wednesday,Rainy,Biryani,45
2023-01-11,Wednesday,Rainy,Sandwich,16
2023-01-12,Thursday,Sunny,Pizza,49
2023-01-12,Thursday,Sunny,Burger,42
2023-01-12,Thursday,Sunny,Pasta,23
2023-01-12,Thursday,Sunny,Salad,27
2023-01-12,Thursday,Sunny,Biryani,49
2023-01-12,Thursday,Sunny,Sandwich,48
2023-01-13,Friday,Sunny,Pizza,42
2023-01-13,Friday,Sunny,Burger,33
2023-01-13,Friday,Sunny,Pasta,34
2023-01-13,Friday,Sunny,Salad,46
2023-01-13,Friday,Sunny,Biryani,34
2023-01-13,Friday,Sunny,Sandwich,44
2023-01-14,Saturday,Rainy,Pizza,51
2023-01-14,Saturday,Rainy,Burger,31
2023-01-14,Saturday,Rainy,Pasta,48
2023-01-14,Saturday,Rainy,Salad,46
2023-01-14,Saturday,Rainy,Biryani,63
2023-01-14,Saturday,Rainy,Sandwich,26
2023-01-15,Sunday,Rainy,Pizza,39
2023-01-15,Sunday,Rainy,Burger,39
2023-01-15,Sunday,Rainy,Pasta,54
2023-01-15,Sunday,Rainy,Salad,31
2023-01-15,Sunday,Rainy,Biryani,36
2023-01-15,Sunday,Rainy,Sandwich,35
2023-01-16,Monday,Sunny,Pizza,20
2023-01-16,Monday,Sunny,Burger,45
2023-01-16,Monday,Sunny,Pasta,42
2023-01-16,Monday,Sunny,Salad,19
2023-01-16,Monday,Sunny,Biryani,40
2023-01-16,Monday,Sunny,Sandwich,42
2023-01-17,Tuesday,Sunny,Pizza,28
2023-01-17,Tuesday,Sunny,Burger,39
2023-01-17,Tuesday,Sunny,Pasta,23
2023-01-17,Tuesday,Sunny,Salad,40
2023-01-17,Tuesday,Sunny,Biryani,46
2023-01-17,Tuesday,Sunny,Sandwich,23
2023-01-18,Wednesday,Rainy,Pizza,38
2023-01-18,Wednesday,Rainy,Burger,34
2023-01-18,Wednesday,Rainy,Pasta,16
2023-01-18,Wednesday,Rainy,Salad,26
2023-01-18,Wednesday,Rainy,Biryani,25
2023-01-18,Wednesday,Rainy,Sandwich,20
2023-01-19,Thursday,Cloudy,Pizza,32
2023-01-19,Thursday,Cloudy,Burger,41
2023-01-19,Thursday,Cloudy,Pasta,43
2023-01-19,Thursday,Cloudy,Salad,22
2023-01-19,Thursday,Cloudy,Biryani,34
2023-01-19,Thursday,Cloudy,Sandwich,25
2023-01-20,Friday,Rainy,Pizza,25
2023-01-20,Friday,Rainy,Burger,46
2023-01-20,Friday,Rainy,Pasta,38
2023-01-20,Friday,Rainy,Salad,13
2023-01-20,Friday,Rainy,Biryani,29
2023-01-20,Friday,Rainy,Sandwich,17
2023-01-21,Saturday,Sunny,Pizza,32
2023-01-21,Saturday,Sunny,Burger,50
2023-01-21,Saturday,Sunny,Pasta,40
2023-01-21,Saturday,Sunny,Salad,43
2023-01-21,Saturday,Sunny,Biryani,57
2023-01-21,Saturday,Sunny,Sandwich,48
2023-01-22,Sunday,Sunny,Pizza,55
2023-01-22,Sunday,Sunny,Burger,56
2023-01-22,Sunday,Sunny,Pasta,54
2023-01-22,Sunday,Sunny,Salad,34
2023-01-22,Sunday,Sunny,Biryani,27
2023-01-22,Sunday,Sunny,Sandwich,45
2023-01-23,Monday,Cloudy,Pizza,50
2023-01-23,Monday,Cloudy,Burger,26
2023-01-23,Monday,Cloudy,Pasta,43
2023-01-23,Monday,Cloudy,Salad,32
2023-01-23,Monday,Cloudy,Biryani,17
2023-01-23,Monday,Cloudy,Sandwich,38
2023-01-24,Tuesday,Cloudy,Pizza,17
2023-01-24,Tuesday,Cloudy,Burger,40
2023-01-24,Tuesday,Cloudy,Pasta,29
2023-01-24,Tuesday,Cloudy,Salad,42
2023-01-24,Tuesday,Cloudy,Biryani,29
2023-01-24,Tuesday,Cloudy,Sandwich,37
2023-01-25,Wednesday,Cloudy,Pizza,25
2023-01-25,Wednesday,Cloudy,Burger,25
2023-01-25,Wednesday,Cloudy,Pasta,38
2023-01-25,Wednesday,Cloudy,Salad,23
2023-01-25,Wednesday,Cloudy,Biryani,30
2023-01-25,Wednesday,Cloudy,Sandwich,36
2023-01-26,Thursday,Sunny,Pizza,54
2023-01-26,Thursday,Sunny,Burger,18
2023-01-26,Thursday,Sunny,Pasta,46
2023-01-26,Thursday,Sunny,Salad,36
2023-01-26,Thursday,Sunny,Biryani,47
2023-01-26,Thursday,Sunny,Sandwich,30
2023-01-27,Friday,Sunny,Pizza,24
2023-01-27,Friday,Sunny,Burger,38
2023-01-27,Friday,Sunny,Pasta,22
2023-01-27,Friday,Sunny,Salad,38
2023-01-27,Friday,Sunny,Biryani,48
2023-01-27,Friday,Sunny,Sandwich,49
2023-01-28,Saturday,Rainy,Pizza,55
2023-01-28,Saturday,Rainy,Burger,58
2023-01-28,Saturday,Rainy,Pasta,48
2023-01-28,Saturday,Rainy,Salad,27
2023-01-28,Saturday,Rainy,Biryani,39
2023-01-28,Saturday,Rainy,Sandwich,39
2023-01-29,Sunday,Sunny,Pizza,53
2023-01-29,Sunday,Sunny,Burger,50
2023-01-29,Sunday,Sunny,Pasta,67
2023-01-29,Sunday,Sunny,Salad,63
2023-01-29,Sunday,Sunny,Biryani,59
2023-01-29,Sunday,Sunny,Sandwich,40
2023-01-30,Monday,Rainy,Pizza,40
2023-01-30,Monday,Rainy,Burger,30
2023-01-30,Monday,Rainy,Pasta,49
2023-01-30,Monday,Rainy,Salad,32
2023-01-30,Monday,Rainy,Biryani,31
2023-01-30,Monday,Rainy,Sandwich,12
2023-01-31,Tuesday,Cloudy,Pizza,24
2023-01-31,Tuesday,Cloudy,Burger,49
2023-01-31,Tuesday,Cloudy,Pasta,26
2023-01-31,Tuesday,Cloudy,Salad,32
2023-01-31,Tuesday,Cloudy,Biryani,24
2023-01-31,Tuesday,Cloudy,Sandwich,43
2023-02-01,Wednesday,Cloudy,Pizza,34
2023-02-01,Wednesday,Cloudy,Burger,28
2023-02-01,Wednesday,Cloudy,Pasta,44
2023-02-01,Wednesday,Cloudy,Salad,24
2023-02-01,Wednesday,Cloudy,Biryani,19
2023-02-01,Wednesday,Cloudy,Sandwich,46
2023-02-02,Thursday,Rainy,Pizza,40
2023-02-02,Thursday,Rainy,Burger,19
2023-02-02,Thursday,Rainy,Pasta,43
2023-02-02,Thursday,Rainy,Salad,42
2023-02-02,Thursday,Rainy,Biryani,22
2023-02-02,Thursday,Rainy,Sandwich,13
2023-02-03,Friday,Cloudy,Pizza,16
2023-02-03,Friday,Cloudy,Burger,45
2023-02-03,Friday,Cloudy,Pasta,39
2023-02-03,Friday,Cloudy,Salad,17
2023-02-03,Friday,Cloudy,Biryani,17
2023-02-03,Friday,Cloudy,Sandwich,29
2023-02-04,Saturday,Cloudy,Pizza,32
2023-02-04,Saturday,Cloudy,Burger,37
2023-02-04,Saturday,Cloudy,Pasta,50
2023-02-04,Saturday,Cloudy,Salad,57
2023-02-04,Saturday,Cloudy,Biryani,71
2023-02-04,Saturday,Cloudy,Sandwich,53
2023-02-05,Sunday,Sunny,Pizza,43
2023-02-05,Sunday,Sunny,Burger,53
2023-02-05,Sunday,Sunny,Pasta,40
2023-02-05,Sunday,Sunny,Salad,64
2023-02-05,Sunday,Sunny,Biryani,46
2023-02-05,Sunday,Sunny,Sandwich,50
2023-02-06,Monday,Cloudy,Pizza,33
2023-02-06,Monday,Cloudy,Burger,32
2023-02-06,Monday,Cloudy,Pasta,28
2023-02-06,Monday,Cloudy,Salad,41
2023-02-06,Monday,Cloudy,Biryani,26
2023-02-06,Monday,Cloudy,Sandwich,43
2023-02-07,Tuesday,Sunny,Pizza,25
2023-02-07,Tuesday,Sunny,Burger,44
2023-02-07,Tuesday,Sunny,Pasta,34
2023-02-07,Tuesday,Sunny,Salad,38
2023-02-07,Tuesday,Sunny,Biryani,38
2023-02-07,Tuesday,Sunny,Sandwich,34
2023-02-08,Wednesday,Sunny,Pizza,25
2023-02-08,Wednesday,Sunny,Burger,34
2023-02-08,Wednesday,Sunny,Pasta,24
2023-02-08,Wednesday,Sunny,Salad,42
2023-02-08,Wednesday,Sunny,Biryani,33
2023-02-08,Wednesday,Sunny,Sandwich,21
2023-02-09,Thursday,Sunny,Pizza,38
2023-02-09,Thursday,Sunny,Burger,22
2023-02-09,Thursday,Sunny,Pasta,45
2023-02-09,Thursday,Sunny,Salad,25
2023-02-09,Thursday,Sunny,Biryani,33
2023-02-09,Thursday,Sunny,Sandwich,30
2023-02-10,Friday,Sunny,Pizza,23
2023-02-10,Friday,Sunny,Burger,44
2023-02-10,Friday,Sunny,Pasta,37
2023-02-10,Friday,Sunny,Salad,33
2023-02-10,Friday,Sunny,Biryani,26
2023-02-10,Friday,Sunny,Sandwich,48
2023-02-11,Saturday,Cloudy,Pizza,54
2023-02-11,Saturday,Cloudy,Burger,43
2023-02-11,Saturday,Cloudy,Pasta,34
2023-02-11,Saturday,Cloudy,Salad,39
2023-02-11,Saturday,Cloudy,Biryani,45
2023-02-11,Saturday,Cloudy,Sandwich,50
2023-02-12,Sunday,Sunny,Pizza,43
2023-02-12,Sunday,Sunny,Burger,37
2023-02-12,Sunday,Sunny,Pasta,49
2023-02-12,Sunday,Sunny,Salad,51
2023-02-12,Sunday,Sunny,Biryani,47
2023-02-12,Sunday,Sunny,Sandwich,59
2023-02-13,Monday,Cloudy,Pizza,17
2023-02-13,Monday,Cloudy,Burger,35
2023-02-13,Monday,Cloudy,Pasta,42
2023-02-13,Monday,Cloudy,Salad,46
2023-02-13,Monday,Cloudy,Biryani,20
2023-02-13,Monday,Cloudy,Sandwich,40
2023-02-14,Tuesday,Rainy,Pizza,30
2023-02-14,Tuesday,Rainy,Burger,35
2023-02-14,Tuesday,Rainy,Pasta,39
2023-02-14,Tuesday,Rainy,Salad,13
2023-02-14,Tuesday,Rainy,Biryani,42
2023-02-14,Tuesday,Rainy,Sandwich,27
2023-02-15,Wednesday,Rainy,Pizza,29
2023-02-15,Wednesday,Rainy,Burger,40
2023-02-15,Wednesday,Rainy,Pasta,38
2023-02-15,Wednesday,Rainy,Salad,34
2023-02-15,Wednesday,Rainy,Biryani,37
2023-02-15,Wednesday,Rainy,Sandwich,19
2023-02-16,Thursday,Sunny,Pizza,31
2023-02-16,Thursday,Sunny,Burger,45
2023-02-16,Thursday,Sunny,Pasta,47
2023-02-16,Thursday,Sunny,Salad,41
2023-02-16,Thursday,Sunny,Biryani,46
2023-02-16,Thursday,Sunny,Sandwich,26
2023-02-17,Friday,Cloudy,Pizza,36
2023-02-17,Friday,Cloudy,Burger,23
2023-02-17,Friday,Cloudy,Pasta,38
2023-02-17,Friday,Cloudy,Salad,29
2023-02-17,Friday,Cloudy,Biryani,48
2023-02-17,Friday,Cloudy,Sandwich,34
2023-02-18,Saturday,Sunny,Pizza,48
2023-02-18,Saturday,Sunny,Burger,42
2023-02-18,Saturday,Sunny,Pasta,61
2023-02-18,Saturday,Sunny,Salad,53
2023-02-18,Saturday,Sunny,Biryani,26
2023-02-18,Saturday,Sunny,Sandwich,48
2023-02-19,Sunday,Cloudy,Pizza,54
2023-02-19,Sunday,Cloudy,Burger,38
2023-02-19,Sunday,Cloudy,Pasta,35
2023-02-19,Sunday,Cloudy,Salad,56
2023-02-19,Sunday,Cloudy,Biryani,56
2023-02-19,Sunday,Cloudy,Sandwich,36
2023-02-20,Monday,Sunny,Pizza,41
2023-02-20,Monday,Sunny,Burger,39
2023-02-20,Monday,Sunny,Pasta,33
2023-02-20,Monday,Sunny,Salad,33
2023-02-20,Monday,Sunny,Biryani,43
2023-02-20,Monday,Sunny,Sandwich,28
2023-02-21,Tuesday,Cloudy,Pizza,30
2023-02-21,Tuesday,Cloudy,Burger,44
2023-02-21,Tuesday,Cloudy,Pasta,38
2023-02-21,Tuesday,Cloudy,Salad,23
2023-02-21,Tuesday,Cloudy,Biryani,30
2023-02-21,Tuesday,Cloudy,Sandwich,41
2023-02-22,Wednesday,Rainy,Pizza,38
2023-02-22,Wednesday,Rainy,Burger,42
2023-02-22,Wednesday,Rainy,Pasta,26
2023-02-22,Wednesday,Rainy,Salad,32
2023-02-22,Wednesday,Rainy,Biryani,52
2023-02-22,Wednesday,Rainy,Sandwich,26
2023-02-23,Thursday,Rainy,Pizza,18
2023-02-23,Thursday,Rainy,Burger,26
2023-02-23,Thursday,Rainy,Pasta,43
2023-02-23,Thursday,Rainy,Salad,15
2023-02-23,Thursday,Rainy,Biryani,34
2023-02-23,Thursday,Rainy,Sandwich,16
2023-02-24,Friday,Rainy,Pizza,22
2023-02-24,Friday,Rainy,Burger,35
2023-02-24,Friday,Rainy,Pasta,26
2023-02-24,Friday,Rainy,Salad,25
2023-02-24,Friday,Rainy,Biryani,31
2023-02-24,Friday,Rainy,Sandwich,25
2023-02-25,Saturday,Sunny,Pizza,35
2023-02-25,Saturday,Sunny,Burger,36
2023-02-25,Saturday,Sunny,Pasta,58
2023-02-25,Saturday,Sunny,Salad,50
2023-02-25,Saturday,Sunny,Biryani,42
2023-02-25,Saturday,Sunny,Sandwich,53
2023-02-26,Sunday,Cloudy,Pizza,63
2023-02-26,Sunday,Cloudy,Burger,49
2023-02-26,Sunday,Cloudy,Pasta,39
2023-02-26,Sunday,Cloudy,Salad,62
2023-02-26,Sunday,Cloudy,Biryani,34
2023-02-26,Sunday,Cloudy,Sandwich,43
2023-02-27,Monday,Sunny,Pizza,37
2023-02-27,Monday,Sunny,Burger,35
2023-02-27,Monday,Sunny,Pasta,48
2023-02-27,Monday,Sunny,Salad,37
2023-02-27,Monday,Sunny,Biryani,43
2023-02-27,Monday,Sunny,Sandwich,44
2023-02-28,Tuesday,Rainy,Pizza,18
2023-02-28,Tuesday,Rainy,Burger,22
2023-02-28,Tuesday,Rainy,Pasta,20
2023-02-28,Tuesday,Rainy,Salad,29
2023-02-28,Tuesday,Rainy,Biryani,35
2023-02-28,Tuesday,Rainy,Sandwich,16
2023-03-01,Wednesday,Rainy,Pizza,48
2023-03-01,Wednesday,Rainy,Burger,39
2023-03-01,Wednesday,Rainy,Pasta,23
2023-03-01,Wednesday,Rainy,Salad,22
2023-03-01,Wednesday,Rainy,Biryani,45
2023-03-01,Wednesday,Rainy,Sandwich,18
2023-03-02,Thursday,Cloudy,Pizza,28
2023-03-02,Thursday,Cloudy,Burger,29
2023-03-02,Thursday,Cloudy,Pasta,37
2023-03-02,Thursday,Cloudy,Salad,45
2023-03-02,Thursday,Cloudy,Biryani,52
2023-03-02,Thursday,Cloudy,Sandwich,34
2023-03-03,Friday,Sunny,Pizza,27
2023-03-03,Friday,Sunny,Burger,25
2023-03-03,Friday,Sunny,Pasta,28
2023-03-03,Friday,Sunny,Salad,32
2023-03-03,Friday,Sunny,Biryani,34
2023-03-03,Friday,Sunny,Sandwich,23
2023-03-04,Saturday,Sunny,Pizza,47
2023-03-04,Saturday,Sunny,Burger,42
2023-03-04,Saturday,Sunny,Pasta,54
2023-03-04,Saturday,Sunny,Salad,63
2023-03-04,Saturday,Sunny,Biryani,37
2023-03-04,Saturday,Sunny,Sandwich,54
2023-03-05,Sunday,Rainy,Pizza,39
2023-03-05,Sunday,Rainy,Burger,67
2023-03-05,Sunday,Rainy,Pasta,41
2023-03-05,Sunday,Rainy,Salad,44
2023-03-05,Sunday,Rainy,Biryani,54
2023-03-05,Sunday,Rainy,Sandwich,49
2023-03-06,Monday,Rainy,Pizza,41
2023-03-06,Monday,Rainy,Burger,23
2023-03-06,Monday,Rainy,Pasta,42
2023-03-06,Monday,Rainy,Salad,23
2023-03-06,Monday,Rainy,Biryani,29
2023-03-06,Monday,Rainy,Sandwich,30
2023-03-07,Tuesday,Sunny,Pizza,34
2023-03-07,Tuesday,Sunny,Burger,26
2023-03-07,Tuesday,Sunny,Pasta,45
2023-03-07,Tuesday,Sunny,Salad,22
2023-03-07,Tuesday,Sunny,Biryani,29
2023-03-07,Tuesday,Sunny,Sandwich,20
2023-03-08,Wednesday,Rainy,Pizza,66
2023-03-08,Wednesday,Rainy,Burger,46
2023-03-08,Wednesday,Rainy,Pasta,27
2023-03-08,Wednesday,Rainy,Salad,24
2023-03-08,Wednesday,Rainy,Biryani,42
2023-03-08,Wednesday,Rainy,Sandwich,33
2023-03-09,Thursday,Rainy,Pizza,39
2023-03-09,Thursday,Rainy,Burger,44
2023-03-09,Thursday,Rainy,Pasta,20
2023-03-09,Thursday,Rainy,Salad,26
2023-03-09,Thursday,Rainy,Biryani,33
2023-03-09,Thursday,Rainy,Sandwich,10
2023-03-10,Friday,Cloudy,Pizza,22
2023-03-10,Friday,Cloudy,Burger,43
2023-03-10,Friday,Cloudy,Pasta,33
2023-03-10,Friday,Cloudy,Salad,21
2023-03-10,Friday,Cloudy,Biryani,39
2023-03-10,Friday,Cloudy,Sandwich,21
2023-03-11,Saturday,Cloudy,Pizza,50
2023-03-11,Saturday,Cloudy,Burger,66
2023-03-11,Saturday,Cloudy,Pasta,56
2023-03-11,Saturday,Cloudy,Salad,40
2023-03-11,Saturday,Cloudy,Biryani,58
2023-03-11,Saturday,Cloudy,Sandwich,55
2023-03-12,Sunday,Sunny,Pizza,32
2023-03-12,Sunday,Sunny,Burger,49
2023-03-12,Sunday,Sunny,Pasta,40
2023-03-12,Sunday,Sunny,Salad,53
2023-03-12,Sunday,Sunny,Biryani,35
2023-03-12,Sunday,Sunny,Sandwich,44
2023-03-13,Monday,Cloudy,Pizza,29
2023-03-13,Monday,Cloudy,Burger,40
2023-03-13,Monday,Cloudy,Pasta,44
2023-03-13,Monday,Cloudy,Salad,48
2023-03-13,Monday,Cloudy,Biryani,39
2023-03-13,Monday,Cloudy,Sandwich,47
2023-03-14,Tuesday,Cloudy,Pizza,37
2023-03-14,Tuesday,Cloudy,Burger,47
2023-03-14,Tuesday,Cloudy,Pasta,37
2023-03-14,Tuesday,Cloudy,Salad,28
2023-03-14,Tuesday,Cloudy,Biryani,50
2023-03-14,Tuesday,Cloudy,Sandwich,20
2023-03-15,Wednesday,Rainy,Pizza,30
2023-03-15,Wednesday,Rainy,Burger,34
2023-03-15,Wednesday,Rainy,Pasta,41
2023-03-15,Wednesday,Rainy,Salad,27
2023-03-15,Wednesday,Rainy,Biryani,22
2023-03-15,Wednesday,Rainy,Sandwich,18
2023-03-16,Thursday,Cloudy,Pizza,35
2023-03-16,Thursday,Cloudy,Burger,21
2023-03-16,Thursday,Cloudy,Pasta,44
2023-03-16,Thursday,Cloudy,Salad,43
2023-03-16,Thursday,Cloudy,Biryani,27
2023-03-16,Thursday,Cloudy,Sandwich,27
2023-03-17,Friday,Cloudy,Pizza,38
2023-03-17,Friday,Cloudy,Burger,37
2023-03-17,Friday,Cloudy,Pasta,34
2023-03-17,Friday,Cloudy,Salad,45
2023-03-17,Friday,Cloudy,Biryani,39
2023-03-17,Friday,Cloudy,Sandwich,36
2023-03-18,Saturday,Cloudy,Pizza,42
2023-03-18,Saturday,Cloudy,Burger,40
2023-03-18,Saturday,Cloudy,Pasta,41
2023-03-18,Saturday,Cloudy,Salad,69
2023-03-18,Saturday,Cloudy,Biryani,55
2023-03-18,Saturday,Cloudy,Sandwich,44
2023-03-19,Sunday,Sunny,Pizza,46
2023-03-19,Sunday,Sunny,Burger,58
2023-03-19,Sunday,Sunny,Pasta,55
2023-03-19,Sunday,Sunny,Salad,54
2023-03-19,Sunday,Sunny,Biryani,44
2023-03-19,Sunday,Sunny,Sandwich,62
2023-03-20,Monday,Sunny,Pizza,44
2023-03-20,Monday,Sunny,Burger,25
2023-03-20,Monday,Sunny,Pasta,42
2023-03-20,Monday,Sunny,Salad,45
2023-03-20,Monday,Sunny,Biryani,22
2023-03-20,Monday,Sunny,Sandwich,33
2023-03-21,Tuesday,Cloudy,Pizza,33
2023-03-21,Tuesday,Cloudy,Burger,43
2023-03-21,Tuesday,Cloudy,Pasta,45
2023-03-21,Tuesday,Cloudy,Salad,39
2023-03-21,Tuesday,Cloudy,Biryani,42
2023-03-21,Tuesday,Cloudy,Sandwich,15
2023-03-22,Wednesday,Sunny,Pizza,30
2023-03-22,Wednesday,Sunny,Burger,41
2023-03-22,Wednesday,Sunny,Pasta,35
2023-03-22,Wednesday,Sunny,Salad,21
2023-03-22,Wednesday,Sunny,Biryani,42
2023-03-22,Wednesday,Sunny,Sandwich,34
2023-03-23,Thursday,Rainy,Pizza,43
2023-03-23,Thursday,Rainy,Burger,37
2023-03-23,Thursday,Rainy,Pasta,21
2023-03-23,Thursday,Rainy,Salad,33
2023-03-23,Thursday,Rainy,Biryani,33
2023-03-23,Thursday,Rainy,Sandwich,25
2023-03-24,Friday,Cloudy,Pizza,32
2023-03-24,Friday,Cloudy,Burger,30
2023-03-24,Friday,Cloudy,Pasta,30
2023-03-24,Friday,Cloudy,Salad,21
2023-03-24,Friday,Cloudy,Biryani,42
2023-03-24,Friday,Cloudy,Sandwich,37
2023-03-25,Saturday,Cloudy,Pizza,35
2023-03-25,Saturday,Cloudy,Burger,65
2023-03-25,Saturday,Cloudy,Pasta,45
2023-03-25,Saturday,Cloudy,Salad,44
2023-03-25,Saturday,Cloudy,Biryani,54
2023-03-25,Saturday,Cloudy,Sandwich,38
2023-03-26,Sunday,Sunny,Pizza,56
2023-03-26,Sunday,Sunny,Burger,59
2023-03-26,Sunday,Sunny,Pasta,55
2023-03-26,Sunday,Sunny,Salad,50
2023-03-26,Sunday,Sunny,Biryani,35
2023-03-26,Sunday,Sunny,Sandwich,48
2023-03-27,Monday,Sunny,Pizza,40
2023-03-27,Monday,Sunny,Burger,34
2023-03-27,Monday,Sunny,Pasta,31
2023-03-27,Monday,Sunny,Salad,30
2023-03-27,Monday,Sunny,Biryani,21
2023-03-27,Monday,Sunny,Sandwich,41
2023-03-28,Tuesday,Cloudy,Pizza,32
2023-03-28,Tuesday,Cloudy,Burger,19
2023-03-28,Tuesday,Cloudy,Pasta,16
2023-03-28,Tuesday,Cloudy,Salad,33
2023-03-28,Tuesday,Cloudy,Biryani,43
2023-03-28,Tuesday,Cloudy,Sandwich,18
2023-03-29,Wednesday,Cloudy,Pizza,40
2023-03-29,Wednesday,Cloudy,Burger,23
2023-03-29,Wednesday,Cloudy,Pasta,28
2023-03-29,Wednesday,Cloudy,Salad,20
2023-03-29,Wednesday,Cloudy,Biryani,28
2023-03-29,Wednesday,Cloudy,Sandwich,43
2023-03-30,Thursday,Rainy,Pizza,33
2023-03-30,Thursday,Rainy,Burger,40
2023-03-30,Thursday,Rainy,Pasta,51
2023-03-30,Thursday,Rainy,Salad,37
2023-03-30,Thursday,Rainy,Biryani,33
2023-03-30,Thursday,Rainy,Sandwich,30
2023-03-31,Friday,Rainy,Pizza,35
2023-03-31,Friday,Rainy,Burger,29
2023-03-31,Friday,Rainy,Pasta,41
2023-03-31,Friday,Rainy,Salad,26
2023-03-31,Friday,Rainy,Biryani,41
2023-03-31,Friday,Rainy,Sandwich,33
2023-04-01,Saturday,Rainy,Sandwich,42
2023-04-01,Saturday,Rainy,Pasta,44
2023-04-01,Saturday,Rainy,Pizza,29
2023-04-01,Saturday,Rainy,Burger,16
2023-04-01,Saturday,Rainy,Salad,44
2023-04-01,Saturday,Rainy,Biryani,50
2023-04-02,Sunday,Cloudy,Sandwich,30
2023-04-02,Sunday,Cloudy,Pasta,64
2023-04-02,Sunday,Cloudy,Pizza,32
2023-04-02,Sunday,Cloudy,Burger,43
2023-04-02,Sunday,Cloudy,Salad,56
2023-04-02,Sunday,Cloudy,Biryani,34
2023-04-03,Monday,Rainy,Sandwich,34
2023-04-03,Monday,Rainy,Pasta,28
2023-04-03,Monday,Rainy,Pizza,61
2023-04-03,Monday,Rainy,Burger,56
2023-04-03,Monday,Rainy,Salad,60
2023-04-03,Monday,Rainy,Biryani,45
2023-04-04,Tuesday,Sunny,Sandwich,55
2023-04-04,Tuesday,Sunny,Pasta,21
2023-04-04,Tuesday,Sunny,Pizza,26
2023-04-04,Tuesday,Sunny,Burger,70
2023-04-04,Tuesday,Sunny,Salad,65
2023-04-04,Tuesday,Sunny,Biryani,66
2023-04-05,Wednesday,Rainy,Sandwich,33
2023-04-05,Wednesday,Rainy,Pasta,39
2023-04-05,Wednesday,Rainy,Pizza,52
2023-04-05,Wednesday,Rainy,Burger,63
2023-04-05,Wednesday,Rainy,Salad,55
2023-04-05,Wednesday,Rainy,Biryani,66
2023-04-06,Thursday,Cloudy,Sandwich,36
2023-04-06,Thursday,Cloudy,Pasta,13
2023-04-06,Thursday,Cloudy,Pizza,21
2023-04-06,Thursday,Cloudy,Burger,47
2023-04-06,Thursday,Cloudy,Salad,20
2023-04-06,Thursday,Cloudy,Biryani,31
2023-04-07,Friday,Rainy,Sandwich,56
2023-04-07,Friday,Rainy,Pasta,12
2023-04-07,Friday,Rainy,Pizza,67
2023-04-07,Friday,Rainy,Burger,21
2023-04-07,Friday,Rainy,Salad,67
2023-04-07,Friday,Rainy,Biryani,47
2023-04-08,Saturday,Rainy,Sandwich,29
2023-04-08,Saturday,Rainy,Pasta,57
2023-04-08,Saturday,Rainy,Pizza,31
2023-04-08,Saturday,Rainy,Burger,23
2023-04-08,Saturday,Rainy,Salad,65
2023-04-08,Saturday,Rainy,Biryani,24
2023-04-09,Sunday,Sunny,Sandwich,13
2023-04-09,Sunday,Sunny,Pasta,37
2023-04-09,Sunday,Sunny,Pizza,51
2023-04-09,Sunday,Sunny,Burger,50
2023-04-09,Sunday,Sunny,Salad,50
2023-04-09,Sunday,Sunny,Biryani,67
2023-04-10,Monday,Rainy,Sandwich,50
2023-04-10,Monday,Rainy,Pasta,28
2023-04-10,Monday,Rainy,Pizza,14
2023-04-10,Monday,Rainy,Burger,31
2023-04-10,Monday,Rainy,Salad,31
2023-04-10,Monday,Rainy,Biryani,43
2023-04-11,Tuesday,Cloudy,Sandwich,60
2023-04-11,Tuesday,Cloudy,Pasta,32
2023-04-11,Tuesday,Cloudy,Pizza,64
2023-04-11,Tuesday,Cloudy,Burger,18
2023-04-11,Tuesday,Cloudy,Salad,40
2023-04-11,Tuesday,Cloudy,Biryani,45
2023-04-12,Wednesday,Rainy,Sandwich,47
2023-04-12,Wednesday,Rainy,Pasta,30
2023-04-12,Wednesday,Rainy,Pizza,21
2023-04-12,Wednesday,Rainy,Burger,32
2023-04-12,Wednesday,Rainy,Salad,31
2023-04-12,Wednesday,Rainy,Biryani,55
2023-04-13,Thursday,Rainy,Sandwich,18
2023-04-13,Thursday,Rainy,Pasta,63
2023-04-13,Thursday,Rainy,Pizza,54
2023-04-13,Thursday,Rainy,Burger,49
2023-04-13,Thursday,Rainy,Salad,36
2023-04-13,Thursday,Rainy,Biryani,38
2023-04-14,Friday,Cloudy,Sandwich,35
2023-04-14,Friday,Cloudy,Pasta,37
2023-04-14,Friday,Cloudy,Pizza,53
2023-04-14,Friday,Cloudy,Burger,50
2023-04-14,Friday,Cloudy,Salad,61
2023-04-14,Friday,Cloudy,Biryani,42
2023-04-15,Saturday,Cloudy,Sandwich,69
2023-04-15,Saturday,Cloudy,Pasta,42
2023-04-15,Saturday,Cloudy,Pizza,10
2023-04-15,Saturday,Cloudy,Burger,55
2023-04-15,Saturday,Cloudy,Salad,58
2023-04-15,Saturday,Cloudy,Biryani,48
2023-04-16,Sunday,Rainy,Sandwich,15
2023-04-16,Sunday,Rainy,Pasta,11
2023-04-16,Sunday,Rainy,Pizza,39
2023-04-16,Sunday,Rainy,Burger,31
2023-04-16,Sunday,Rainy,Salad,22
2023-04-16,Sunday,Rainy,Biryani,63
2023-04-17,Monday,Cloudy,Sandwich,57
2023-04-17,Monday,Cloudy,Pasta,13
2023-04-17,Monday,Cloudy,Pizza,13
2023-04-17,Monday,Cloudy,Burger,10
2023-04-17,Monday,Cloudy,Salad,37
2023-04-17,Monday,Cloudy,Biryani,14
2023-04-18,Tuesday,Rainy,Sandwich,34
2023-04-18,Tuesday,Rainy,Pasta,36
2023-04-18,Tuesday,Rainy,Pizza,42
2023-04-18,Tuesday,Rainy,Burger,36
2023-04-18,Tuesday,Rainy,Salad,53
2023-04-18,Tuesday,Rainy,Biryani,64
2023-04-19,Wednesday,Rainy,Sandwich,32
2023-04-19,Wednesday,Rainy,Pasta,10
2023-04-19,Wednesday,Rainy,Pizza,68
2023-04-19,Wednesday,Rainy,Burger,25
2023-04-19,Wednesday,Rainy,Salad,58
2023-04-19,Wednesday,Rainy,Biryani,33
2023-04-20,Thursday,Sunny,Sandwich,39
2023-04-20,Thursday,Sunny,Pasta,15
2023-04-20,Thursday,Sunny,Pizza,57
2023-04-20,Thursday,Sunny,Burger,61
2023-04-20,Thursday,Sunny,Salad,31
2023-04-20,Thursday,Sunny,Biryani,63
2023-04-21,Friday,Cloudy,Sandwich,49
2023-04-21,Friday,Cloudy,Pasta,52
2023-04-21,Friday,Cloudy,Pizza,71
2023-04-21,Friday,Cloudy,Burger,64
2023-04-21,Friday,Cloudy,Salad,28
2023-04-21,Friday,Cloudy,Biryani,31
2023-04-22,Saturday,Sunny,Sandwich,55
2023-04-22,Saturday,Sunny,Pasta,12
2023-04-22,Saturday,Sunny,Pizza,15
2023-04-22,Saturday,Sunny,Burger,20
2023-04-22,Saturday,Sunny,Salad,68
2023-04-22,Saturday,Sunny,Biryani,12
2023-04-23,Sunday,Sunny,Sandwich,18
2023-04-23,Sunday,Sunny,Pasta,40
2023-04-23,Sunday,Sunny,Pizza,25
2023-04-23,Sunday,Sunny,Burger,50
2023-04-23,Sunday,Sunny,Salad,63
2023-04-23,Sunday,Sunny,Biryani,22
2023-04-24,Monday,Sunny,Sandwich,36
2023-04-24,Monday,Sunny,Pasta,42
2023-04-24,Monday,Sunny,Pizza,63
2023-04-24,Monday,Sunny,Burger,56
2023-04-24,Monday,Sunny,Salad,13
2023-04-24,Monday,Sunny,Biryani,15
2023-04-25,Tuesday,Cloudy,Sandwich,67
2023-04-25,Tuesday,Cloudy,Pasta,25
2023-04-25,Tuesday,Cloudy,Pizza,27
2023-04-25,Tuesday,Cloudy,Burger,47
2023-04-25,Tuesday,Cloudy,Salad,12
2023-04-25,Tuesday,Cloudy,Biryani,44
2023-04-26,Wednesday,Cloudy,Sandwich,34
2023-04-26,Wednesday,Cloudy,Pasta,26
2023-04-26,Wednesday,Cloudy,Pizza,55
2023-04-26,Wednesday,Cloudy,Burger,25
2023-04-26,Wednesday,Cloudy,Salad,45
2023-04-26,Wednesday,Cloudy,Biryani,18
2023-04-27,Thursday,Rainy,Sandwich,46
2023-04-27,Thursday,Rainy,Pasta,26
2023-04-27,Thursday,Rainy,Pizza,19
2023-04-27,Thursday,Rainy,Burger,38
2023-04-27,Thursday,Rainy,Salad,63
2023-04-27,Thursday,Rainy,Biryani,13
2023-04-28,Friday,Cloudy,Sandwich,11
2023-04-28,Friday,Cloudy,Pasta,41
2023-04-28,Friday,Cloudy,Pizza,30
2023-04-28,Friday,Cloudy,Burger,10
2023-04-28,Friday,Cloudy,Salad,31
2023-04-28,Friday,Cloudy,Biryani,48
2023-04-29,Saturday,Sunny,Sandwich,33
2023-04-29,Saturday,Sunny,Pasta,60
2023-04-29,Saturday,Sunny,Pizza,24
2023-04-29,Saturday,Sunny,Burger,58
2023-04-29,Saturday,Sunny,Salad,10
2023-04-29,Saturday,Sunny,Biryani,14
2023-04-30,Sunday,Cloudy,Sandwich,50
2023-04-30,Sunday,Cloudy,Pasta,32
2023-04-30,Sunday,Cloudy,Pizza,64
2023-04-30,Sunday,Cloudy,Burger,62
2023-04-30,Sunday,Cloudy,Salad,47
2023-04-30,Sunday,Cloudy,Biryani,23
2023-05-01,Monday,Cloudy,Sandwich,47
2023-05-01,Monday,Cloudy,Pasta,40
2023-05-01,Monday,Cloudy,Pizza,21
2023-05-01,Monday,Cloudy,Burger,71
2023-05-01,Monday,Cloudy,Salad,44
2023-05-01,Monday,Cloudy,Biryani,40
2023-05-02,Tuesday,Sunny,Sandwich,13
2023-05-02,Tuesday,Sunny,Pasta,68
2023-05-02,Tuesday,Sunny,Pizza,16
2023-05-02,Tuesday,Sunny,Burger,35
2023-05-02,Tuesday,Sunny,Salad,24
2023-05-02,Tuesday,Sunny,Biryani,21
2023-05-03,Wednesday,Rainy,Sandwich,62
2023-05-03,Wednesday,Rainy,Pasta,50
2023-05-03,Wednesday,Rainy,Pizza,19
2023-05-03,Wednesday,Rainy,Burger,30
2023-05-03,Wednesday,Rainy,Salad,31
2023-05-03,Wednesday,Rainy,Biryani,34
2023-05-04,Thursday,Sunny,Sandwich,45
2023-05-04,Thursday,Sunny,Pasta,25
2023-05-04,Thursday,Sunny,Pizza,65
2023-05-04,Thursday,Sunny,Burger,30
2023-05-04,Thursday,Sunny,Salad,29
2023-05-04,Thursday,Sunny,Biryani,64
2023-05-05,Friday,Cloudy,Sandwich,38
2023-05-05,Friday,Cloudy,Pasta,19
2023-05-05,Friday,Cloudy,Pizza,22
2023-05-05,Friday,Cloudy,Burger,16
2023-05-05,Friday,Cloudy,Salad,27
2023-05-05,Friday,Cloudy,Biryani,21
2023-05-06,Saturday,Sunny,Sandwich,27
2023-05-06,Saturday,Sunny,Pasta,32
2023-05-06,Saturday,Sunny,Pizza,27
2023-05-06,Saturday,Sunny,Burger,64
2023-05-06,Saturday,Sunny,Salad,19
2023-05-06,Saturday,Sunny,Biryani,22
2023-05-07,Sunday,Sunny,Sandwich,39
2023-05-07,Sunday,Sunny,Pasta,33
2023-05-07,Sunday,Sunny,Pizza,47
2023-05-07,Sunday,Sunny,Burger,63
2023-05-07,Sunday,Sunny,Salad,43
2023-05-07,Sunday,Sunny,Biryani,39
2023-05-08,Monday,Sunny,Sandwich,71
2023-05-08,Monday,Sunny,Pasta,15
2023-05-08,Monday,Sunny,Pizza,31
2023-05-08,Monday,Sunny,Burger,33
2023-05-08,Monday,Sunny,Salad,18
2023-05-08,Monday,Sunny,Biryani,20
2023-05-09,Tuesday,Rainy,Sandwich,63
2023-05-09,Tuesday,Rainy,Pasta,47
2023-05-09,Tuesday,Rainy,Pizza,42
2023-05-09,Tuesday,Rainy,Burger,63
2023-05-09,Tuesday,Rainy,Salad,30
2023-05-09,Tuesday,Rainy,Biryani,24
2023-05-10,Wednesday,Sunny,Sandwich,71
2023-05-10,Wednesday,Sunny,Pasta,21
2023-05-10,Wednesday,Sunny,Pizza,36
2023-05-10,Wednesday,Sunny,Burger,11
2023-05-10,Wednesday,Sunny,Salad,17
2023-05-10,Wednesday,Sunny,Biryani,70
2023-05-11,Thursday,Sunny,Sandwich,42
2023-05-11,Thursday,Sunny,Pasta,10
2023-05-11,Thursday,Sunny,Pizza,65
2023-05-11,Thursday,Sunny,Burger,17
2023-05-11,Thursday,Sunny,Salad,50
2023-05-11,Thursday,Sunny,Biryani,64
2023-05-12,Friday,Sunny,Sandwich,33
2023-05-12,Friday,Sunny,Pasta,71
2023-05-12,Friday,Sunny,Pizza,57
2023-05-12,Friday,Sunny,Burger,65
2023-05-12,Friday,Sunny,Salad,57
2023-05-12,Friday,Sunny,Biryani,57
2023-05-13,Saturday,Rainy,Sandwich,51
2023-05-13,Saturday,Rainy,Pasta,63
2023-05-13,Saturday,Rainy,Pizza,14
2023-05-13,Saturday,Rainy,Burger,24
2023-05-13,Saturday,Rainy,Salad,63
2023-05-13,Saturday,Rainy,Biryani,43
2023-05-14,Sunday,Cloudy,Sandwich,14
2023-05-14,Sunday,Cloudy,Pasta,61
2023-05-14,Sunday,Cloudy,Pizza,38
2023-05-14,Sunday,Cloudy,Burger,39
2023-05-14,Sunday,Cloudy,Salad,60
2023-05-14,Sunday,Cloudy,Biryani,32
2023-05-15,Monday,Cloudy,Sandwich,34
2023-05-15,Monday,Cloudy,Pasta,54
2023-05-15,Monday,Cloudy,Pizza,48
2023-05-15,Monday,Cloudy,Burger,61
2023-05-15,Monday,Cloudy,Salad,10
2023-05-15,Monday,Cloudy,Biryani,68
2023-05-16,Tuesday,Sunny,Sandwich,56
2023-05-16,Tuesday,Sunny,Pasta,59
2023-05-16,Tuesday,Sunny,Pizza,56
2023-05-16,Tuesday,Sunny,Burger,14
2023-05-16,Tuesday,Sunny,Salad,11
2023-05-16,Tuesday,Sunny,Biryani,12
2023-05-17,Wednesday,Sunny,Sandwich,53
2023-05-17,Wednesday,Sunny,Pasta,44
2023-05-17,Wednesday,Sunny,Pizza,24
2023-05-17,Wednesday,Sunny,Burger,62
2023-05-17,Wednesday,Sunny,Salad,70
2023-05-17,Wednesday,Sunny,Biryani,61
2023-05-18,Thursday,Rainy,Sandwich,29
2023-05-18,Thursday,Rainy,Pasta,42
2023-05-18,Thursday,Rainy,Pizza,56
2023-05-18,Thursday,Rainy,Burger,18
2023-05-18,Thursday,Rainy,Salad,42
2023-05-18,Thursday,Rainy,Biryani,28
2023-05-19,Friday,Cloudy,Sandwich,68
2023-05-19,Friday,Cloudy,Pasta,42
2023-05-19,Friday,Cloudy,Pizza,15
2023-05-19,Friday,Cloudy,Burger,50
2023-05-19,Friday,Cloudy,Salad,27
2023-05-19,Friday,Cloudy,Biryani,41
2023-05-20,Saturday,Rainy,Sandwich,54
2023-05-20,Saturday,Rainy,Pasta,60
2023-05-20,Saturday,Rainy,Pizza,38
2023-05-20,Saturday,Rainy,Burger,56
2023-05-20,Saturday,Rainy,Salad,10
2023-05-20,Saturday,Rainy,Biryani,12
2023-05-21,Sunday,Sunny,Sandwich,56
2023-05-21,Sunday,Sunny,Pasta,51
2023-05-21,Sunday,Sunny,Pizza,38
2023-05-21,Sunday,Sunny,Burger,29
2023-05-21,Sunday,Sunny,Salad,69
2023-05-21,Sunday,Sunny,Biryani,33
2023-05-22,Monday,Rainy,Sandwich,51
2023-05-22,Monday,Rainy,Pasta,22
2023-05-22,Monday,Rainy,Pizza,43
2023-05-22,Monday,Rainy,Burger,20
2023-05-22,Monday,Rainy,Salad,18
2023-05-22,Monday,Rainy,Biryani,31
2023-05-23,Tuesday,Cloudy,Sandwich,60
2023-05-23,Tuesday,Cloudy,Pasta,60
2023-05-23,Tuesday,Cloudy,Pizza,53
2023-05-23,Tuesday,Cloudy,Burger,25
2023-05-23,Tuesday,Cloudy,Salad,11
2023-05-23,Tuesday,Cloudy,Biryani,17
2023-05-24,Wednesday,Rainy,Sandwich,40
2023-05-24,Wednesday,Rainy,Pasta,42
2023-05-24,Wednesday,Rainy,Pizza,15
2023-05-24,Wednesday,Rainy,Burger,71
2023-05-24,Wednesday,Rainy,Salad,58
2023-05-24,Wednesday,Rainy,Biryani,30
2023-05-25,Thursday,Sunny,Sandwich,45
2023-05-25,Thursday,Sunny,Pasta,60
2023-05-25,Thursday,Sunny,Pizza,18
2023-05-25,Thursday,Sunny,Burger,67
2023-05-25,Thursday,Sunny,Salad,65
2023-05-25,Thursday,Sunny,Biryani,52
2023-05-26,Friday,Cloudy,Sandwich,10
2023-05-26,Friday,Cloudy,Pasta,55
2023-05-26,Friday,Cloudy,Pizza,60
2023-05-26,Friday,Cloudy,Burger,48
2023-05-26,Friday,Cloudy,Salad,63
2023-05-26,Friday,Cloudy,Biryani,54
2023-05-27,Saturday,Sunny,Sandwich,29
2023-05-27,Saturday,Sunny,Pasta,58
2023-05-27,Saturday,Sunny,Pizza,53
2023-05-27,Saturday,Sunny,Burger,10
2023-05-27,Saturday,Sunny,Salad,33
2023-05-27,Saturday,Sunny,Biryani,42
2023-05-28,Sunday,Rainy,Sandwich,21
2023-05-28,Sunday,Rainy,Pasta,12
2023-05-28,Sunday,Rainy,Pizza,25
2023-05-28,Sunday,Rainy,Burger,63
2023-05-28,Sunday,Rainy,Salad,64
2023-05-28,Sunday,Rainy,Biryani,56
2023-05-29,Monday,Cloudy,Sandwich,32
2023-05-29,Monday,Cloudy,Pasta,17
2023-05-29,Monday,Cloudy,Pizza,57
2023-05-29,Monday,Cloudy,Burger,27
2023-05-29,Monday,Cloudy,Salad,37
2023-05-29,Monday,Cloudy,Biryani,35
2023-05-30,Tuesday,Cloudy,Sandwich,44
2023-05-30,Tuesday,Cloudy,Pasta,22
2023-05-30,Tuesday,Cloudy,Pizza,33
2023-05-30,Tuesday,Cloudy,Burger,45
2023-05-30,Tuesday,Cloudy,Salad,66
2023-05-30,Tuesday,Cloudy,Biryani,36
2023-05-31,Wednesday,Cloudy,Sandwich,27
2023-05-31,Wednesday,Cloudy,Pasta,25
2023-05-31,Wednesday,Cloudy,Pizza,12
2023-05-31,Wednesday,Cloudy,Burger,22
2023-05-31,Wednesday,Cloudy,Salad,58
2023-05-31,Wednesday,Cloudy,Biryani,45
2023-06-01,Thursday,Sunny,Sandwich,55
2023-06-01,Thursday,Sunny,Pasta,18
2023-06-01,Thursday,Sunny,Pizza,39
2023-06-01,Thursday,Sunny,Burger,70
2023-06-01,Thursday,Sunny,Salad,69
2023-06-01,Thursday,Sunny,Biryani,58
2023-06-02,Friday,Cloudy,Sandwich,21
2023-06-02,Friday,Cloudy,Pasta,70
2023-06-02,Friday,Cloudy,Pizza,10
2023-06-02,Friday,Cloudy,Burger,24
2023-06-02,Friday,Cloudy,Salad,58
2023-06-02,Friday,Cloudy,Biryani,62
2023-06-03,Saturday,Sunny,Sandwich,38
2023-06-03,Saturday,Sunny,Pasta,24
2023-06-03,Saturday,Sunny,Pizza,13
2023-06-03,Saturday,Sunny,Burger,61
2023-06-03,Saturday,Sunny,Salad,41
2023-06-03,Saturday,Sunny,Biryani,38
2023-06-04,Sunday,Rainy,Sandwich,37
2023-06-04,Sunday,Rainy,Pasta,38
2023-06-04,Sunday,Rainy,Pizza,44
2023-06-04,Sunday,Rainy,Burger,61
2023-06-04,Sunday,Rainy,Salad,34
2023-06-04,Sunday,Rainy,Biryani,64
2023-06-05,Monday,Cloudy,Sandwich,55
2023-06-05,Monday,Cloudy,Pasta,22
2023-06-05,Monday,Cloudy,Pizza,58
2023-06-05,Monday,Cloudy,Burger,56
2023-06-05,Monday,Cloudy,Salad,15
2023-06-05,Monday,Cloudy,Biryani,56
2023-06-06,Tuesday,Cloudy,Sandwich,40
2023-06-06,Tuesday,Cloudy,Pasta,13
2023-06-06,Tuesday,Cloudy,Pizza,29
2023-06-06,Tuesday,Cloudy,Burger,43
2023-06-06,Tuesday,Cloudy,Salad,47
2023-06-06,Tuesday,Cloudy,Biryani,38
2023-06-07,Wednesday,Cloudy,Sandwich,39
2023-06-07,Wednesday,Cloudy,Pasta,43
2023-06-07,Wednesday,Cloudy,Pizza,33
2023-06-07,Wednesday,Cloudy,Burger,22
2023-06-07,Wednesday,Cloudy,Salad,28
2023-06-07,Wednesday,Cloudy,Biryani,71
2023-06-08,Thursday,Sunny,Sandwich,38
2023-06-08,Thursday,Sunny,Pasta,23
2023-06-08,Thursday,Sunny,Pizza,11
2023-06-08,Thursday,Sunny,Burger,64
2023-06-08,Thursday,Sunny,Salad,50
2023-06-08,Thursday,Sunny,Biryani,41
2023-06-09,Friday,Sunny,Sandwich,32
2023-06-09,Friday,Sunny,Pasta,45
2023-06-09,Friday,Sunny,Pizza,14
2023-06-09,Friday,Sunny,Burger,50
2023-06-09,Friday,Sunny,Salad,67
2023-06-09,Friday,Sunny,Biryani,57
2023-06-10,Saturday,Sunny,Sandwich,23
2023-06-10,Saturday,Sunny,Pasta,10
2023-06-10,Saturday,Sunny,Pizza,48
2023-06-10,Saturday,Sunny,Burger,58
2023-06-10,Saturday,Sunny,Salad,44
2023-06-10,Saturday,Sunny,Biryani,50
2023-06-11,Sunday,Cloudy,Sandwich,62
2023-06-11,Sunday,Cloudy,Pasta,69
2023-06-11,Sunday,Cloudy,Pizza,38
2023-06-11,Sunday,Cloudy,Burger,34
2023-06-11,Sunday,Cloudy,Salad,60
2023-06-11,Sunday,Cloudy,Biryani,30
2023-06-12,Monday,Rainy,Sandwich,21
2023-06-12,Monday,Rainy,Pasta,13
2023-06-12,Monday,Rainy,Pizza,54
2023-06-12,Monday,Rainy,Burger,12
2023-06-12,Monday,Rainy,Salad,10
2023-06-12,Monday,Rainy,Biryani,40
2023-06-13,Tuesday,Sunny,Sandwich,33
2023-06-13,Tuesday,Sunny,Pasta,30
2023-06-13,Tuesday,Sunny,Pizza,55
2023-06-13,Tuesday,Sunny,Burger,25
2023-06-13,Tuesday,Sunny,Salad,35
2023-06-13,Tuesday,Sunny,Biryani,60
2023-06-14,Wednesday,Rainy,Sandwich,26
2023-06-14,Wednesday,Rainy,Pasta,28
2023-06-14,Wednesday,Rainy,Pizza,43
2023-06-14,Wednesday,Rainy,Burger,25
2023-06-14,Wednesday,Rainy,Salad,27
2023-06-14,Wednesday,Rainy,Biryani,53
2023-06-15,Thursday,Rainy,Sandwich,17
2023-06-15,Thursday,Rainy,Pasta,24
2023-06-15,Thursday,Rainy,Pizza,50
2023-06-15,Thursday,Rainy,Burger,34
2023-06-15,Thursday,Rainy,Salad,45
2023-06-15,Thursday,Rainy,Biryani,11
2023-06-16,Friday,Cloudy,Sandwich,12
2023-06-16,Friday,Cloudy,Pasta,22
2023-06-16,Friday,Cloudy,Pizza,51
2023-06-16,Friday,Cloudy,Burger,36
2023-06-16,Friday,Cloudy,Salad,47
2023-06-16,Friday,Cloudy,Biryani,53
2023-06-17,Saturday,Sunny,Sandwich,42
2023-06-17,Saturday,Sunny,Pasta,28
2023-06-17,Saturday,Sunny,Pizza,51
2023-06-17,Saturday,Sunny,Burger,42
2023-06-17,Saturday,Sunny,Salad,55
2023-06-17,Saturday,Sunny,Biryani,55
2023-06-18,Sunday,Sunny,Sandwich,39
2023-06-18,Sunday,Sunny,Pasta,27
2023-06-18,Sunday,Sunny,Pizza,10
2023-06-18,Sunday,Sunny,Burger,30
2023-06-18,Sunday,Sunny,Salad,26
2023-06-18,Sunday,Sunny,Biryani,16
2023-06-19,Monday,Cloudy,Sandwich,58
2023-06-19,Monday,Cloudy,Pasta,65
2023-06-19,Monday,Cloudy,Pizza,14
2023-06-19,Monday,Cloudy,Burger,64
2023-06-19,Monday,Cloudy,Salad,12
2023-06-19,Monday,Cloudy,Biryani,56
2023-06-20,Tuesday,Rainy,Sandwich,28
2023-06-20,Tuesday,Rainy,Pasta,39
2023-06-20,Tuesday,Rainy,Pizza,20
2023-06-20,Tuesday,Rainy,Burger,30
2023-06-20,Tuesday,Rainy,Salad,27
2023-06-20,Tuesday,Rainy,Biryani,47
2023-06-21,Wednesday,Rainy,Sandwich,45
2023-06-21,Wednesday,Rainy,Pasta,39
2023-06-21,Wednesday,Rainy,Pizza,50
2023-06-21,Wednesday,Rainy,Burger,37
2023-06-21,Wednesday,Rainy,Salad,36
2023-06-21,Wednesday,Rainy,Biryani,35
2023-06-22,Thursday,Cloudy,Sandwich,71
2023-06-22,Thursday,Cloudy,Pasta,35
2023-06-22,Thursday,Cloudy,Pizza,38
2023-06-22,Thursday,Cloudy,Burger,19
2023-06-22,Thursday,Cloudy,Salad,10
2023-06-22,Thursday,Cloudy,Biryani,46
2023-06-23,Friday,Sunny,Sandwich,43
2023-06-23,Friday,Sunny,Pasta,42
2023-06-23,Friday,Sunny,Pizza,16
2023-06-23,Friday,Sunny,Burger,17
2023-06-23,Friday,Sunny,Salad,56
2023-06-23,Friday,Sunny,Biryani,18
2023-06-24,Saturday,Cloudy,Sandwich,16
2023-06-24,Saturday,Cloudy,Pasta,58
2023-06-24,Saturday,Cloudy,Pizza,55
2023-06-24,Saturday,Cloudy,Burger,36
2023-06-24,Saturday,Cloudy,Salad,43
2023-06-24,Saturday,Cloudy,Biryani,69
2023-06-25,Sunday,Sunny,Sandwich,10
2023-06-25,Sunday,Sunny,Pasta,34
2023-06-25,Sunday,Sunny,Pizza,48
2023-06-25,Sunday,Sunny,Burger,41
2023-06-25,Sunday,Sunny,Salad,42
2023-06-25,Sunday,Sunny,Biryani,30
2023-06-26,Monday,Rainy,Sandwich,36
2023-06-26,Monday,Rainy,Pasta,15
2023-06-26,Monday,Rainy,Pizza,25
2023-06-26,Monday,Rainy,Burger,69
2023-06-26,Monday,Rainy,Salad,61
2023-06-26,Monday,Rainy,Biryani,46
2023-06-27,Tuesday,Sunny,Sandwich,35
2023-06-27,Tuesday,Sunny,Pasta,13
2023-06-27,Tuesday,Sunny,Pizza,31
2023-06-27,Tuesday,Sunny,Burger,59
2023-06-27,Tuesday,Sunny,Salad,68
2023-06-27,Tuesday,Sunny,Biryani,68
2023-06-28,Wednesday,Sunny,Sandwich,50
2023-06-28,Wednesday,Sunny,Pasta,31
2023-06-28,Wednesday,Sunny,Pizza,51
2023-06-28,Wednesday,Sunny,Burger,71
2023-06-28,Wednesday,Sunny,Salad,32
2023-06-28,Wednesday,Sunny,Biryani,36
2023-06-29,Thursday,Sunny,Sandwich,55
2023-06-29,Thursday,Sunny,Pasta,16
2023-06-29,Thursday,Sunny,Pizza,22
2023-06-29,Thursday,Sunny,Burger,48
2023-06-29,Thursday,Sunny,Salad,28
2023-06-29,Thursday,Sunny,Biryani,65
2023-06-30,Friday,Rainy,Sandwich,35
2023-06-30,Friday,Rainy,Pasta,61
2023-06-30,Friday,Rainy,Pizza,52
2023-06-30,Friday,Rainy,Burger,61
2023-06-30,Friday,Rainy,Salad,18
2023-06-30,Friday,Rainy,Biryani,13
2023-07-01,Saturday,Rainy,Sandwich,28
2023-07-01,Saturday,Rainy,Pasta,21
2023-07-01,Saturday,Rainy,Pizza,30
2023-07-01,Saturday,Rainy,Burger,56
2023-07-01,Saturday,Rainy,Salad,36
2023-07-01,Saturday,Rainy,Biryani,25
2023-07-02,Sunday,Rainy,Sandwich,27
2023-07-02,Sunday,Rainy,Pasta,28
2023-07-02,Sunday,Rainy,Pizza,53
2023-07-02,Sunday,Rainy,Burger,49
2023-07-02,Sunday,Rainy,Salad,71
2023-07-02,Sunday,Rainy,Biryani,66
2023-07-03,Monday,Cloudy,Sandwich,24
2023-07-03,Monday,Cloudy,Pasta,10
2023-07-03,Monday,Cloudy,Pizza,44
2023-07-03,Monday,Cloudy,Burger,53
2023-07-03,Monday,Cloudy,Salad,16
2023-07-03,Monday,Cloudy,Biryani,43
2023-07-04,Tuesday,Rainy,Sandwich,47
2023-07-04,Tuesday,Rainy,Pasta,15
2023-07-04,Tuesday,Rainy,Pizza,11
2023-07-04,Tuesday,Rainy,Burger,39
2023-07-04,Tuesday,Rainy,Salad,48
2023-07-04,Tuesday,Rainy,Biryani,16
2023-07-05,Wednesday,Rainy,Sandwich,27
2023-07-05,Wednesday,Rainy,Pasta,47
2023-07-05,Wednesday,Rainy,Pizza,65
2023-07-05,Wednesday,Rainy,Burger,59
2023-07-05,Wednesday,Rainy,Salad,58
2023-07-05,Wednesday,Rainy,Biryani,23
2023-07-06,Thursday,Sunny,Sandwich,50
2023-07-06,Thursday,Sunny,Pasta,16
2023-07-06,Thursday,Sunny,Pizza,11
2023-07-06,Thursday,Sunny,Burger,48
2023-07-06,Thursday,Sunny,Salad,18
2023-07-06,Thursday,Sunny,Biryani,23
2023-07-07,Friday,Sunny,Sandwich,16
2023-07-07,Friday,Sunny,Pasta,41
2023-07-07,Friday,Sunny,Pizza,61
2023-07-07,Friday,Sunny,Burger,55
2023-07-07,Friday,Sunny,Salad,21
2023-07-07,Friday,Sunny,Biryani,42
2023-07-08,Saturday,Rainy,Sandwich,70
2023-07-08,Saturday,Rainy,Pasta,55
2023-07-08,Saturday,Rainy,Pizza,18
2023-07-08,Saturday,Rainy,Burger,31
2023-07-08,Saturday,Rainy,Salad,61
2023-07-08,Saturday,Rainy,Biryani,33
2023-07-09,Sunday,Cloudy,Sandwich,62
2023-07-09,Sunday,Cloudy,Pasta,36
2023-07-09,Sunday,Cloudy,Pizza,12
2023-07-09,Sunday,Cloudy,Burger,29
2023-07-09,Sunday,Cloudy,Salad,24
2023-07-09,Sunday,Cloudy,Biryani,13
2023-07-10,Monday,Rainy,Sandwich,46
2023-07-10,Monday,Rainy,Pasta,69
2023-07-10,Monday,Rainy,Pizza,32
2023-07-10,Monday,Rainy,Burger,29
2023-07-10,Monday,Rainy,Salad,71
2023-07-10,Monday,Rainy,Biryani,55
2023-07-11,Tuesday,Sunny,Sandwich,14
2023-07-11,Tuesday,Sunny,Pasta,31
2023-07-11,Tuesday,Sunny,Pizza,59
2023-07-11,Tuesday,Sunny,Burger,13
2023-07-11,Tuesday,Sunny,Salad,48
2023-07-11,Tuesday,Sunny,Biryani,40
2023-07-12,Wednesday,Sunny,Sandwich,48
2023-07-12,Wednesday,Sunny,Pasta,26
2023-07-12,Wednesday,Sunny,Pizza,29
2023-07-12,Wednesday,Sunny,Burger,24
2023-07-12,Wednesday,Sunny,Salad,70
2023-07-12,Wednesday,Sunny,Biryani,39
2023-07-13,Thursday,Sunny,Sandwich,41
2023-07-13,Thursday,Sunny,Pasta,36
2023-07-13,Thursday,Sunny,Pizza,39
2023-07-13,Thursday,Sunny,Burger,53
2023-07-13,Thursday,Sunny,Salad,19
2023-07-13,Thursday,Sunny,Biryani,68
2023-07-14,Friday,Sunny,Sandwich,65
2023-07-14,Friday,Sunny,Pasta,42
2023-07-14,Friday,Sunny,Pizza,65
2023-07-14,Friday,Sunny,Burger,51
2023-07-14,Friday,Sunny,Salad,26
2023-07-14,Friday,Sunny,Biryani,60
2023-07-15,Saturday,Rainy,Sandwich,31
2023-07-15,Saturday,Rainy,Pasta,52
2023-07-15,Saturday,Rainy,Pizza,71
2023-07-15,Saturday,Rainy,Burger,52
2023-07-15,Saturday,Rainy,Salad,17
2023-07-15,Saturday,Rainy,Biryani,16
2023-07-16,Sunday,Sunny,Sandwich,52
2023-07-16,Sunday,Sunny,Pasta,58
2023-07-16,Sunday,Sunny,Pizza,65
2023-07-16,Sunday,Sunny,Burger,24
2023-07-16,Sunday,Sunny,Salad,53
2023-07-16,Sunday,Sunny,Biryani,49
2023-07-17,Monday,Cloudy,Sandwich,53
2023-07-17,Monday,Cloudy,Pasta,23
2023-07-17,Monday,Cloudy,Pizza,59
2023-07-17,Monday,Cloudy,Burger,23
2023-07-17,Monday,Cloudy,Salad,35
2023-07-17,Monday,Cloudy,Biryani,43
2023-07-18,Tuesday,Rainy,Sandwich,43
2023-07-18,Tuesday,Rainy,Pasta,25
2023-07-18,Tuesday,Rainy,Pizza,62
2023-07-18,Tuesday,Rainy,Burger,40
2023-07-18,Tuesday,Rainy,Salad,25
2023-07-18,Tuesday,Rainy,Biryani,17
2023-07-19,Wednesday,Cloudy,Sandwich,56
2023-07-19,Wednesday,Cloudy,Pasta,70
2023-07-19,Wednesday,Cloudy,Pizza,48
2023-07-19,Wednesday,Cloudy,Burger,29
2023-07-19,Wednesday,Cloudy,Salad,30
2023-07-19,Wednesday,Cloudy,Biryani,33
2023-07-20,Thursday,Cloudy,Sandwich,52
2023-07-20,Thursday,Cloudy,Pasta,12
2023-07-20,Thursday,Cloudy,Pizza,15
2023-07-20,Thursday,Cloudy,Burger,28
2023-07-20,Thursday,Cloudy,Salad,41
2023-07-20,Thursday,Cloudy,Biryani,59
2023-07-21,Friday,Sunny,Sandwich,46
2023-07-21,Friday,Sunny,Pasta,22
2023-07-21,Friday,Sunny,Pizza,47
2023-07-21,Friday,Sunny,Burger,13
2023-07-21,Friday,Sunny,Salad,25
2023-07-21,Friday,Sunny,Biryani,60
2023-07-22,Saturday,Cloudy,Sandwich,57
2023-07-22,Saturday,Cloudy,Pasta,37
2023-07-22,Saturday,Cloudy,Pizza,57
2023-07-22,Saturday,Cloudy,Burger,22
2023-07-22,Saturday,Cloudy,Salad,54
2023-07-22,Saturday,Cloudy,Biryani,40
2023-07-23,Sunday,Cloudy,Sandwich,48
2023-07-23,Sunday,Cloudy,Pasta,52
2023-07-23,Sunday,Cloudy,Pizza,49
2023-07-23,Sunday,Cloudy,Burger,26
2023-07-23,Sunday,Cloudy,Salad,67
2023-07-23,Sunday,Cloudy,Biryani,59
2023-07-24,Monday,Sunny,Sandwich,45
2023-07-24,Monday,Sunny,Pasta,13
2023-07-24,Monday,Sunny,Pizza,25
2023-07-24,Monday,Sunny,Burger,58
2023-07-24,Monday,Sunny,Salad,25
2023-07-24,Monday,Sunny,Biryani,59
2023-07-25,Tuesday,Rainy,Sandwich,35
2023-07-25,Tuesday,Rainy,Pasta,52
2023-07-25,Tuesday,Rainy,Pizza,56
2023-07-25,Tuesday,Rainy,Burger,47
2023-07-25,Tuesday,Rainy,Salad,15
2023-07-25,Tuesday,Rainy,Biryani,25
2023-07-26,Wednesday,Sunny,Sandwich,65
2023-07-26,Wednesday,Sunny,Pasta,30
2023-07-26,Wednesday,Sunny,Pizza,45
2023-07-26,Wednesday,Sunny,Burger,61
2023-07-26,Wednesday,Sunny,Salad,37
2023-07-26,Wednesday,Sunny,Biryani,63
2023-07-27,Thursday,Cloudy,Sandwich,44
2023-07-27,Thursday,Cloudy,Pasta,57
2023-07-27,Thursday,Cloudy,Pizza,24
2023-07-27,Thursday,Cloudy,Burger,45
2023-07-27,Thursday,Cloudy,Salad,46
2023-07-27,Thursday,Cloudy,Biryani,33
2023-07-28,Friday,Sunny,Sandwich,32
2023-07-28,Friday,Sunny,Pasta,19
2023-07-28,Friday,Sunny,Pizza,36
2023-07-28,Friday,Sunny,Burger,44
2023-07-28,Friday,Sunny,Salad,64
2023-07-28,Friday,Sunny,Biryani,28
2023-07-29,Saturday,Sunny,Sandwich,62
2023-07-29,Saturday,Sunny,Pasta,43
2023-07-29,Saturday,Sunny,Pizza,25
2023-07-29,Saturday,Sunny,Burger,20
2023-07-29,Saturday,Sunny,Salad,27
2023-07-29,Saturday,Sunny,Biryani,49
2023-07-30,Sunday,Rainy,Sandwich,53
2023-07-30,Sunday,Rainy,Pasta,35
2023-07-30,Sunday,Rainy,Pizza,64
2023-07-30,Sunday,Rainy,Burger,42
2023-07-30,Sunday,Rainy,Salad,30
2023-07-30,Sunday,Rainy,Biryani,16
2023-07-31,Monday,Rainy,Sandwich,53
2023-07-31,Monday,Rainy,Pasta,56
2023-07-31,Monday,Rainy,Pizza,11
2023-07-31,Monday,Rainy,Burger,33
2023-07-31,Monday,Rainy,Salad,13
2023-07-31,Monday,Rainy,Biryani,10
2023-08-01,Tuesday,Sunny,Sandwich,13
2023-08-01,Tuesday,Sunny,Pasta,67
2023-08-01,Tuesday,Sunny,Pizza,50
2023-08-01,Tuesday,Sunny,Burger,62
2023-08-01,Tuesday,Sunny,Salad,14
2023-08-01,Tuesday,Sunny,Biryani,19
2023-08-02,Wednesday,Sunny,Sandwich,37
2023-08-02,Wednesday,Sunny,Pasta,27
2023-08-02,Wednesday,Sunny,Pizza,39
2023-08-02,Wednesday,Sunny,Burger,19
2023-08-02,Wednesday,Sunny,Salad,30
2023-08-02,Wednesday,Sunny,Biryani,23
2023-08-03,Thursday,Sunny,Sandwich,16
2023-08-03,Thursday,Sunny,Pasta,66
2023-08-03,Thursday,Sunny,Pizza,63
2023-08-03,Thursday,Sunny,Burger,51
2023-08-03,Thursday,Sunny,Salad,51
2023-08-03,Thursday,Sunny,Biryani,25
2023-08-04,Friday,Cloudy,Sandwich,57
2023-08-04,Friday,Cloudy,Pasta,30
2023-08-04,Friday,Cloudy,Pizza,12
2023-08-04,Friday,Cloudy,Burger,64
2023-08-04,Friday,Cloudy,Salad,31
2023-08-04,Friday,Cloudy,Biryani,14
2023-08-05,Saturday,Rainy,Sandwich,27
2023-08-05,Saturday,Rainy,Pasta,62
2023-08-05,Saturday,Rainy,Pizza,50
2023-08-05,Saturday,Rainy,Burger,27
2023-08-05,Saturday,Rainy,Salad,12
2023-08-05,Saturday,Rainy,Biryani,63
2023-08-06,Sunday,Sunny,Sandwich,41
2023-08-06,Sunday,Sunny,Pasta,45
2023-08-06,Sunday,Sunny,Pizza,46
2023-08-06,Sunday,Sunny,Burger,42
2023-08-06,Sunday,Sunny,Salad,58
2023-08-06,Sunday,Sunny,Biryani,21
2023-08-07,Monday,Sunny,Sandwich,15
2023-08-07,Monday,Sunny,Pasta,50
2023-08-07,Monday,Sunny,Pizza,68
2023-08-07,Monday,Sunny,Burger,39
2023-08-07,Monday,Sunny,Salad,45
2023-08-07,Monday,Sunny,Biryani,26
2023-08-08,Tuesday,Cloudy,Sandwich,58
2023-08-08,Tuesday,Cloudy,Pasta,49
2023-08-08,Tuesday,Cloudy,Pizza,26
2023-08-08,Tuesday,Cloudy,Burger,21
2023-08-08,Tuesday,Cloudy,Salad,27
2023-08-08,Tuesday,Cloudy,Biryani,65
2023-08-09,Wednesday,Rainy,Sandwich,16
2023-08-09,Wednesday,Rainy,Pasta,38
2023-08-09,Wednesday,Rainy,Pizza,66
2023-08-09,Wednesday,Rainy,Burger,71
2023-08-09,Wednesday,Rainy,Salad,67
2023-08-09,Wednesday,Rainy,Biryani,67
2023-08-10,Thursday,Cloudy,Sandwich,39
2023-08-10,Thursday,Cloudy,Pasta,33
2023-08-10,Thursday,Cloudy,Pizza,65
2023-08-10,Thursday,Cloudy,Burger,57
2023-08-10,Thursday,Cloudy,Salad,57
2023-08-10,Thursday,Cloudy,Biryani,60
2023-08-11,Friday,Cloudy,Sandwich,41
2023-08-11,Friday,Cloudy,Pasta,32
2023-08-11,Friday,Cloudy,Pizza,56
2023-08-11,Friday,Cloudy,Burger,47
2023-08-11,Friday,Cloudy,Salad,25
2023-08-11,Friday,Cloudy,Biryani,41
2023-08-12,Saturday,Rainy,Sandwich,69
2023-08-12,Saturday,Rainy,Pasta,66
2023-08-12,Saturday,Rainy,Pizza,65
2023-08-12,Saturday,Rainy,Burger,10
2023-08-12,Saturday,Rainy,Salad,23
2023-08-12,Saturday,Rainy,Biryani,60
2023-08-13,Sunday,Rainy,Sandwich,26
2023-08-13,Sunday,Rainy,Pasta,52
2023-08-13,Sunday,Rainy,Pizza,12
2023-08-13,Sunday,Rainy,Burger,59
2023-08-13,Sunday,Rainy,Salad,32
2023-08-13,Sunday,Rainy,Biryani,27
2023-08-14,Monday,Rainy,Sandwich,59
2023-08-14,Monday,Rainy,Pasta,46
2023-08-14,Monday,Rainy,Pizza,12
2023-08-14,Monday,Rainy,Burger,49
2023-08-14,Monday,Rainy,Salad,46
2023-08-14,Monday,Rainy,Biryani,50
2023-08-15,Tuesday,Sunny,Sandwich,15
2023-08-15,Tuesday,Sunny,Pasta,32
2023-08-15,Tuesday,Sunny,Pizza,24
2023-08-15,Tuesday,Sunny,Burger,19
2023-08-15,Tuesday,Sunny,Salad,71
2023-08-15,Tuesday,Sunny,Biryani,18
2023-08-16,Wednesday,Rainy,Sandwich,39
2023-08-16,Wednesday,Rainy,Pasta,45
2023-08-16,Wednesday,Rainy,Pizza,10
2023-08-16,Wednesday,Rainy,Burger,20
2023-08-16,Wednesday,Rainy,Salad,65
2023-08-16,Wednesday,Rainy,Biryani,32
2023-08-17,Thursday,Sunny,Sandwich,38
2023-08-17,Thursday,Sunny,Pasta,69
2023-08-17,Thursday,Sunny,Pizza,71
2023-08-17,Thursday,Sunny,Burger,35
2023-08-17,Thursday,Sunny,Salad,57
2023-08-17,Thursday,Sunny,Biryani,38
2023-08-18,Friday,Rainy,Sandwich,13
2023-08-18,Friday,Rainy,Pasta,29
2023-08-18,Friday,Rainy,Pizza,19
2023-08-18,Friday,Rainy,Burger,50
2023-08-18,Friday,Rainy,Salad,30
2023-08-18,Friday,Rainy,Biryani,21
2023-08-19,Saturday,Sunny,Sandwich,50
2023-08-19,Saturday,Sunny,Pasta,45
2023-08-19,Saturday,Sunny,Pizza,64
2023-08-19,Saturday,Sunny,Burger,46
2023-08-19,Saturday,Sunny,Salad,38
2023-08-19,Saturday,Sunny,Biryani,39
2023-08-20,Sunday,Cloudy,Sandwich,30
2023-08-20,Sunday,Cloudy,Pasta,25
2023-08-20,Sunday,Cloudy,Pizza,12
2023-08-20,Sunday,Cloudy,Burger,45
2023-08-20,Sunday,Cloudy,Salad,36
2023-08-20,Sunday,Cloudy,Biryani,13
2023-08-21,Monday,Sunny,Sandwich,55
2023-08-21,Monday,Sunny,Pasta,22
2023-08-21,Monday,Sunny,Pizza,44
2023-08-21,Monday,Sunny,Burger,21
2023-08-21,Monday,Sunny,Salad,41
2023-08-21,Monday,Sunny,Biryani,65
2023-08-22,Tuesday,Cloudy,Sandwich,36
2023-08-22,Tuesday,Cloudy,Pasta,42
2023-08-22,Tuesday,Cloudy,Pizza,61
2023-08-22,Tuesday,Cloudy,Burger,53
2023-08-22,Tuesday,Cloudy,Salad,25
2023-08-22,Tuesday,Cloudy,Biryani,53
2023-08-23,Wednesday,Cloudy,Sandwich,34
2023-08-23,Wednesday,Cloudy,Pasta,68
2023-08-23,Wednesday,Cloudy,Pizza,11
2023-08-23,Wednesday,Cloudy,Burger,46
2023-08-23,Wednesday,Cloudy,Salad,33
2023-08-23,Wednesday,Cloudy,Biryani,33
2023-08-24,Thursday,Sunny,Sandwich,27
2023-08-24,Thursday,Sunny,Pasta,12
2023-08-24,Thursday,Sunny,Pizza,64
2023-08-24,Thursday,Sunny,Burger,23
2023-08-24,Thursday,Sunny,Salad,61
2023-08-24,Thursday,Sunny,Biryani,47
2023-08-25,Friday,Cloudy,Sandwich,57
2023-08-25,Friday,Cloudy,Pasta,66
2023-08-25,Friday,Cloudy,Pizza,70
2023-08-25,Friday,Cloudy,Burger,24
2023-08-25,Friday,Cloudy,Salad,58
2023-08-25,Friday,Cloudy,Biryani,42
2023-08-26,Saturday,Rainy,Sandwich,46
2023-08-26,Saturday,Rainy,Pasta,50
2023-08-26,Saturday,Rainy,Pizza,18
2023-08-26,Saturday,Rainy,Burger,53
2023-08-26,Saturday,Rainy,Salad,14
2023-08-26,Saturday,Rainy,Biryani,19
2023-08-27,Sunday,Sunny,Sandwich,36
2023-08-27,Sunday,Sunny,Pasta,30
2023-08-27,Sunday,Sunny,Pizza,58
2023-08-27,Sunday,Sunny,Burger,43
2023-08-27,Sunday,Sunny,Salad,50
2023-08-27,Sunday,Sunny,Biryani,35
2023-08-28,Monday,Rainy,Sandwich,35
2023-08-28,Monday,Rainy,Pasta,47
2023-08-28,Monday,Rainy,Pizza,61
2023-08-28,Monday,Rainy,Burger,18
2023-08-28,Monday,Rainy,Salad,39
2023-08-28,Monday,Rainy,Biryani,14
2023-08-29,Tuesday,Rainy,Sandwich,23
2023-08-29,Tuesday,Rainy,Pasta,59
2023-08-29,Tuesday,Rainy,Pizza,33
2023-08-29,Tuesday,Rainy,Burger,62
2023-08-29,Tuesday,Rainy,Salad,52
2023-08-29,Tuesday,Rainy,Biryani,67
2023-08-30,Wednesday,Cloudy,Sandwich,38
2023-08-30,Wednesday,Cloudy,Pasta,32
2023-08-30,Wednesday,Cloudy,Pizza,22
2023-08-30,Wednesday,Cloudy,Burger,27
2023-08-30,Wednesday,Cloudy,Salad,41
2023-08-30,Wednesday,Cloudy,Biryani,13
2023-08-31,Thursday,Sunny,Sandwich,61
2023-08-31,Thursday,Sunny,Pasta,51
2023-08-31,Thursday,Sunny,Pizza,39
2023-08-31,Thursday,Sunny,Burger,22
2023-08-31,Thursday,Sunny,Salad,35
2023-08-31,Thursday,Sunny,Biryani,71
2023-09-01,Friday,Cloudy,Sandwich,53
2023-09-01,Friday,Cloudy,Pasta,26
2023-09-01,Friday,Cloudy,Pizza,37
2023-09-01,Friday,Cloudy,Burger,53
2023-09-01,Friday,Cloudy,Salad,29
2023-09-01,Friday,Cloudy,Biryani,29
2023-09-02,Saturday,Rainy,Sandwich,47
2023-09-02,Saturday,Rainy,Pasta,52
2023-09-02,Saturday,Rainy,Pizza,50
2023-09-02,Saturday,Rainy,Burger,57
2023-09-02,Saturday,Rainy,Salad,25
2023-09-02,Saturday,Rainy,Biryani,60
2023-09-03,Sunday,Sunny,Sandwich,50
2023-09-03,Sunday,Sunny,Pasta,56
2023-09-03,Sunday,Sunny,Pizza,53
2023-09-03,Sunday,Sunny,Burger,12
2023-09-03,Sunday,Sunny,Salad,30
2023-09-03,Sunday,Sunny,Biryani,30
2023-09-04,Monday,Sunny,Sandwich,55
2023-09-04,Monday,Sunny,Pasta,19
2023-09-04,Monday,Sunny,Pizza,41
2023-09-04,Monday,Sunny,Burger,61
2023-09-04,Monday,Sunny,Salad,58
2023-09-04,Monday,Sunny,Biryani,15
2023-09-05,Tuesday,Rainy,Sandwich,45
2023-09-05,Tuesday,Rainy,Pasta,48
2023-09-05,Tuesday,Rainy,Pizza,31
2023-09-05,Tuesday,Rainy,Burger,28
2023-09-05,Tuesday,Rainy,Salad,41
2023-09-05,Tuesday,Rainy,Biryani,60
2023-09-06,Wednesday,Rainy,Sandwich,42
2023-09-06,Wednesday,Rainy,Pasta,24
2023-09-06,Wednesday,Rainy,Pizza,58
2023-09-06,Wednesday,Rainy,Burger,59
2023-09-06,Wednesday,Rainy,Salad,24
2023-09-06,Wednesday,Rainy,Biryani,34
2023-09-07,Thursday,Cloudy,Sandwich,42
2023-09-07,Thursday,Cloudy,Pasta,59
2023-09-07,Thursday,Cloudy,Pizza,71
2023-09-07,Thursday,Cloudy,Burger,65
2023-09-07,Thursday,Cloudy,Salad,71
2023-09-07,Thursday,Cloudy,Biryani,13
2023-09-08,Friday,Sunny,Sandwich,55
2023-09-08,Friday,Sunny,Pasta,62
2023-09-08,Friday,Sunny,Pizza,34
2023-09-08,Friday,Sunny,Burger,56
2023-09-08,Friday,Sunny,Salad,13
2023-09-08,Friday,Sunny,Biryani,44
2023-09-09,Saturday,Sunny,Sandwich,57
2023-09-09,Saturday,Sunny,Pasta,42
2023-09-09,Saturday,Sunny,Pizza,69
2023-09-09,Saturday,Sunny,Burger,40
2023-09-09,Saturday,Sunny,Salad,32
2023-09-09,Saturday,Sunny,Biryani,71
2023-09-10,Sunday,Sunny,Sandwich,31
2023-09-10,Sunday,Sunny,Pasta,70
2023-09-10,Sunday,Sunny,Pizza,11
2023-09-10,Sunday,Sunny,Burger,58
2023-09-10,Sunday,Sunny,Salad,56
2023-09-10,Sunday,Sunny,Biryani,57
2023-09-11,Monday,Cloudy,Sandwich,13
2023-09-11,Monday,Cloudy,Pasta,12
2023-09-11,Monday,Cloudy,Pizza,34
2023-09-11,Monday,Cloudy,Burger,37
2023-09-11,Monday,Cloudy,Salad,35
2023-09-11,Monday,Cloudy,Biryani,35
2023-09-12,Tuesday,Cloudy,Sandwich,52
2023-09-12,Tuesday,Cloudy,Pasta,40
2023-09-12,Tuesday,Cloudy,Pizza,56
2023-09-12,Tuesday,Cloudy,Burger,42
2023-09-12,Tuesday,Cloudy,Salad,42
2023-09-12,Tuesday,Cloudy,Biryani,67
2023-09-13,Wednesday,Cloudy,Sandwich,27
2023-09-13,Wednesday,Cloudy,Pasta,58
2023-09-13,Wednesday,Cloudy,Pizza,70
2023-09-13,Wednesday,Cloudy,Burger,67
2023-09-13,Wednesday,Cloudy,Salad,52
2023-09-13,Wednesday,Cloudy,Biryani,23
2023-09-14,Thursday,Sunny,Sandwich,54
2023-09-14,Thursday,Sunny,Pasta,33
2023-09-14,Thursday,Sunny,Pizza,15
2023-09-14,Thursday,Sunny,Burger,38
2023-09-14,Thursday,Sunny,Salad,48
2023-09-14,Thursday,Sunny,Biryani,19
2023-09-15,Friday,Sunny,Sandwich,24
2023-09-15,Friday,Sunny,Pasta,64
2023-09-15,Friday,Sunny,Pizza,13
2023-09-15,Friday,Sunny,Burger,54
2023-09-15,Friday,Sunny,Salad,47
2023-09-15,Friday,Sunny,Biryani,56
2023-09-16,Saturday,Sunny,Sandwich,71
2023-09-16,Saturday,Sunny,Pasta,10
2023-09-16,Saturday,Sunny,Pizza,56
2023-09-16,Saturday,Sunny,Burger,10
2023-09-16,Saturday,Sunny,Salad,40
2023-09-16,Saturday,Sunny,Biryani,66
2023-09-17,Sunday,Cloudy,Sandwich,11
2023-09-17,Sunday,Cloudy,Pasta,32
2023-09-17,Sunday,Cloudy,Pizza,39
2023-09-17,Sunday,Cloudy,Burger,48
2023-09-17,Sunday,Cloudy,Salad,43
2023-09-17,Sunday,Cloudy,Biryani,16
2023-09-18,Monday,Sunny,Sandwich,14
2023-09-18,Monday,Sunny,Pasta,47
2023-09-18,Monday,Sunny,Pizza,67
2023-09-18,Monday,Sunny,Burger,34
2023-09-18,Monday,Sunny,Salad,56
2023-09-18,Monday,Sunny,Biryani,47
2023-09-19,Tuesday,Sunny,Sandwich,27
2023-09-19,Tuesday,Sunny,Pasta,18
2023-09-19,Tuesday,Sunny,Pizza,31
2023-09-19,Tuesday,Sunny,Burger,28
2023-09-19,Tuesday,Sunny,Salad,23
2023-09-19,Tuesday,Sunny,Biryani,48
2023-09-20,Wednesday,Rainy,Sandwich,47
2023-09-20,Wednesday,Rainy,Pasta,33
2023-09-20,Wednesday,Rainy,Pizza,12
2023-09-20,Wednesday,Rainy,Burger,37
2023-09-20,Wednesday,Rainy,Salad,40
2023-09-20,Wednesday,Rainy,Biryani,62
2023-09-21,Thursday,Sunny,Sandwich,52
2023-09-21,Thursday,Sunny,Pasta,35
2023-09-21,Thursday,Sunny,Pizza,37
2023-09-21,Thursday,Sunny,Burger,22
2023-09-21,Thursday,Sunny,Salad,71
2023-09-21,Thursday,Sunny,Biryani,26
2023-09-22,Friday,Rainy,Sandwich,30
2023-09-22,Friday,Rainy,Pasta,32
2023-09-22,Friday,Rainy,Pizza,14
2023-09-22,Friday,Rainy,Burger,50
2023-09-22,Friday,Rainy,Salad,10
2023-09-22,Friday,Rainy,Biryani,48
2023-09-23,Saturday,Rainy,Sandwich,32
2023-09-23,Saturday,Rainy,Pasta,62
2023-09-23,Saturday,Rainy,Pizza,17
2023-09-23,Saturday,Rainy,Burger,36
2023-09-23,Saturday,Rainy,Salad,66
2023-09-23,Saturday,Rainy,Biryani,11
2023-09-24,Sunday,Cloudy,Sandwich,53
2023-09-24,Sunday,Cloudy,Pasta,24
2023-09-24,Sunday,Cloudy,Pizza,12
2023-09-24,Sunday,Cloudy,Burger,45
2023-09-24,Sunday,Cloudy,Salad,32
2023-09-24,Sunday,Cloudy,Biryani,51
2023-09-25,Monday,Rainy,Sandwich,31
2023-09-25,Monday,Rainy,Pasta,64
2023-09-25,Monday,Rainy,Pizza,37
2023-09-25,Monday,Rainy,Burger,20
2023-09-25,Monday,Rainy,Salad,58
2023-09-25,Monday,Rainy,Biryani,64
2023-09-26,Tuesday,Cloudy,Sandwich,24
2023-09-26,Tuesday,Cloudy,Pasta,29
2023-09-26,Tuesday,Cloudy,Pizza,58
2023-09-26,Tuesday,Cloudy,Burger,53
2023-09-26,Tuesday,Cloudy,Salad,50
2023-09-26,Tuesday,Cloudy,Biryani,47
2023-09-27,Wednesday,Sunny,Sandwich,53
2023-09-27,Wednesday,Sunny,Pasta,12
2023-09-27,Wednesday,Sunny,Pizza,28
2023-09-27,Wednesday,Sunny,Burger,16
2023-09-27,Wednesday,Sunny,Salad,49
2023-09-27,Wednesday,Sunny,Biryani,68
2023-09-28,Thursday,Rainy,Sandwich,36
2023-09-28,Thursday,Rainy,Pasta,29
2023-09-28,Thursday,Rainy,Pizza,27
2023-09-28,Thursday,Rainy,Burger,24
2023-09-28,Thursday,Rainy,Salad,34
2023-09-28,Thursday,Rainy,Biryani,16
2023-09-29,Friday,Cloudy,Sandwich,63
2023-09-29,Friday,Cloudy,Pasta,65
2023-09-29,Friday,Cloudy,Pizza,13
2023-09-29,Friday,Cloudy,Burger,42
2023-09-29,Friday,Cloudy,Salad,62
2023-09-29,Friday,Cloudy,Biryani,31
2023-09-30,Saturday,Sunny,Sandwich,58
2023-09-30,Saturday,Sunny,Pasta,62
2023-09-30,Saturday,Sunny,Pizza,44
2023-09-30,Saturday,Sunny,Burger,31
2023-09-30,Saturday,Sunny,Salad,44
2023-09-30,Saturday,Sunny,Biryani,62
2023-10-01,Sunday,Cloudy,Sandwich,25
2023-10-01,Sunday,Cloudy,Pasta,11
2023-10-01,Sunday,Cloudy,Pizza,52
2023-10-01,Sunday,Cloudy,Burger,10
2023-10-01,Sunday,Cloudy,Salad,67
2023-10-01,Sunday,Cloudy,Biryani,23
2023-10-02,Monday,Cloudy,Sandwich,50
2023-10-02,Monday,Cloudy,Pasta,53
2023-10-02,Monday,Cloudy,Pizza,62
2023-10-02,Monday,Cloudy,Burger,64
2023-10-02,Monday,Cloudy,Salad,66
2023-10-02,Monday,Cloudy,Biryani,57
2023-10-03,Tuesday,Rainy,Sandwich,10
2023-10-03,Tuesday,Rainy,Pasta,27
2023-10-03,Tuesday,Rainy,Pizza,23
2023-10-03,Tuesday,Rainy,Burger,53
2023-10-03,Tuesday,Rainy,Salad,43
2023-10-03,Tuesday,Rainy,Biryani,30
2023-10-04,Wednesday,Cloudy,Sandwich,22
2023-10-04,Wednesday,Cloudy,Pasta,41
2023-10-04,Wednesday,Cloudy,Pizza,56
2023-10-04,Wednesday,Cloudy,Burger,49
2023-10-04,Wednesday,Cloudy,Salad,61
2023-10-04,Wednesday,Cloudy,Biryani,20
2023-10-05,Thursday,Rainy,Sandwich,26
2023-10-05,Thursday,Rainy,Pasta,56
2023-10-05,Thursday,Rainy,Pizza,10
2023-10-05,Thursday,Rainy,Burger,55
2023-10-05,Thursday,Rainy,Salad,12
2023-10-05,Thursday,Rainy,Biryani,17
2023-10-06,Friday,Rainy,Sandwich,40
2023-10-06,Friday,Rainy,Pasta,34
2023-10-06,Friday,Rainy,Pizza,59
2023-10-06,Friday,Rainy,Burger,58
2023-10-06,Friday,Rainy,Salad,33
2023-10-06,Friday,Rainy,Biryani,25
2023-10-07,Saturday,Rainy,Sandwich,15
2023-10-07,Saturday,Rainy,Pasta,26
2023-10-07,Saturday,Rainy,Pizza,52
2023-10-07,Saturday,Rainy,Burger,14
2023-10-07,Saturday,Rainy,Salad,67
2023-10-07,Saturday,Rainy,Biryani,26
2023-10-08,Sunday,Sunny,Sandwich,52
2023-10-08,Sunday,Sunny,Pasta,58
2023-10-08,Sunday,Sunny,Pizza,71
2023-10-08,Sunday,Sunny,Burger,41
2023-10-08,Sunday,Sunny,Salad,67
2023-10-08,Sunday,Sunny,Biryani,48
2023-10-09,Monday,Rainy,Sandwich,29
2023-10-09,Monday,Rainy,Pasta,68
2023-10-09,Monday,Rainy,Pizza,41
2023-10-09,Monday,Rainy,Burger,40
2023-10-09,Monday,Rainy,Salad,25
2023-10-09,Monday,Rainy,Biryani,56
2023-10-10,Tuesday,Cloudy,Sandwich,66
2023-10-10,Tuesday,Cloudy,Pasta,14
2023-10-10,Tuesday,Cloudy,Pizza,25
2023-10-10,Tuesday,Cloudy,Burger,24
2023-10-10,Tuesday,Cloudy,Salad,51
2023-10-10,Tuesday,Cloudy,Biryani,48
2023-10-11,Wednesday,Rainy,Sandwich,17
2023-10-11,Wednesday,Rainy,Pasta,59
2023-10-11,Wednesday,Rainy,Pizza,20
2023-10-11,Wednesday,Rainy,Burger,17
2023-10-11,Wednesday,Rainy,Salad,61
2023-10-11,Wednesday,Rainy,Biryani,11
2023-10-12,Thursday,Rainy,Sandwich,43
2023-10-12,Thursday,Rainy,Pasta,19
2023-10-12,Thursday,Rainy,Pizza,51
2023-10-12,Thursday,Rainy,Burger,25
2023-10-12,Thursday,Rainy,Salad,27
2023-10-12,Thursday,Rainy,Biryani,24
2023-10-13,Friday,Rainy,Sandwich,50
2023-10-13,Friday,Rainy,Pasta,31
2023-10-13,Friday,Rainy,Pizza,43
2023-10-13,Friday,Rainy,Burger,52
2023-10-13,Friday,Rainy,Salad,47
2023-10-13,Friday,Rainy,Biryani,46
2023-10-14,Saturday,Rainy,Sandwich,67
2023-10-14,Saturday,Rainy,Pasta,53
2023-10-14,Saturday,Rainy,Pizza,36
2023-10-14,Saturday,Rainy,Burger,63
2023-10-14,Saturday,Rainy,Salad,64
2023-10-14,Saturday,Rainy,Biryani,17
2023-10-15,Sunday,Cloudy,Sandwich,47
2023-10-15,Sunday,Cloudy,Pasta,36
2023-10-15,Sunday,Cloudy,Pizza,27
2023-10-15,Sunday,Cloudy,Burger,68
2023-10-15,Sunday,Cloudy,Salad,12
2023-10-15,Sunday,Cloudy,Biryani,54
2023-10-16,Monday,Rainy,Sandwich,16
2023-10-16,Monday,Rainy,Pasta,53
2023-10-16,Monday,Rainy,Pizza,62
2023-10-16,Monday,Rainy,Burger,67
2023-10-16,Monday,Rainy,Salad,13
2023-10-16,Monday,Rainy,Biryani,43
2023-10-17,Tuesday,Sunny,Sandwich,11
2023-10-17,Tuesday,Sunny,Pasta,42
2023-10-17,Tuesday,Sunny,Pizza,45
2023-10-17,Tuesday,Sunny,Burger,42
2023-10-17,Tuesday,Sunny,Salad,42
2023-10-17,Tuesday,Sunny,Biryani,62
2023-10-18,Wednesday,Sunny,Sandwich,31
2023-10-18,Wednesday,Sunny,Pasta,65
2023-10-18,Wednesday,Sunny,Pizza,16
2023-10-18,Wednesday,Sunny,Burger,51
2023-10-18,Wednesday,Sunny,Salad,47
2023-10-18,Wednesday,Sunny,Biryani,64
2023-10-19,Thursday,Rainy,Sandwich,65
2023-10-19,Thursday,Rainy,Pasta,69
2023-10-19,Thursday,Rainy,Pizza,16
2023-10-19,Thursday,Rainy,Burger,71
2023-10-19,Thursday,Rainy,Salad,32
2023-10-19,Thursday,Rainy,Biryani,63
2023-10-20,Friday,Rainy,Sandwich,54
2023-10-20,Friday,Rainy,Pasta,33
2023-10-20,Friday,Rainy,Pizza,49
2023-10-20,Friday,Rainy,Burger,69
2023-10-20,Friday,Rainy,Salad,10
2023-10-20,Friday,Rainy,Biryani,49
2023-10-21,Saturday,Cloudy,Sandwich,37
2023-10-21,Saturday,Cloudy,Pasta,51
2023-10-21,Saturday,Cloudy,Pizza,32
2023-10-21,Saturday,Cloudy,Burger,53
2023-10-21,Saturday,Cloudy,Salad,39
2023-10-21,Saturday,Cloudy,Biryani,30
2023-10-22,Sunday,Sunny,Sandwich,39
2023-10-22,Sunday,Sunny,Pasta,10
2023-10-22,Sunday,Sunny,Pizza,39
2023-10-22,Sunday,Sunny,Burger,29
2023-10-22,Sunday,Sunny,Salad,29
2023-10-22,Sunday,Sunny,Biryani,20
2023-10-23,Monday,Cloudy,Sandwich,23
2023-10-23,Monday,Cloudy,Pasta,42
2023-10-23,Monday,Cloudy,Pizza,52
2023-10-23,Monday,Cloudy,Burger,46
2023-10-23,Monday,Cloudy,Salad,66
2023-10-23,Monday,Cloudy,Biryani,51
2023-10-24,Tuesday,Sunny,Sandwich,53
2023-10-24,Tuesday,Sunny,Pasta,64
2023-10-24,Tuesday,Sunny,Pizza,24
2023-10-24,Tuesday,Sunny,Burger,47
2023-10-24,Tuesday,Sunny,Salad,20
2023-10-24,Tuesday,Sunny,Biryani,17
2023-10-25,Wednesday,Sunny,Sandwich,46
2023-10-25,Wednesday,Sunny,Pasta,14
2023-10-25,Wednesday,Sunny,Pizza,17
2023-10-25,Wednesday,Sunny,Burger,58
2023-10-25,Wednesday,Sunny,Salad,53
2023-10-25,Wednesday,Sunny,Biryani,51
2023-10-26,Thursday,Sunny,Sandwich,71
2023-10-26,Thursday,Sunny,Pasta,58
2023-10-26,Thursday,Sunny,Pizza,17
2023-10-26,Thursday,Sunny,Burger,36
2023-10-26,Thursday,Sunny,Salad,45
2023-10-26,Thursday,Sunny,Biryani,26
2023-10-27,Friday,Cloudy,Sandwich,11
2023-10-27,Friday,Cloudy,Pasta,16
2023-10-27,Friday,Cloudy,Pizza,60
2023-10-27,Friday,Cloudy,Burger,35
2023-10-27,Friday,Cloudy,Salad,15
2023-10-27,Friday,Cloudy,Biryani,35
2023-10-28,Saturday,Sunny,Sandwich,32
2023-10-28,Saturday,Sunny,Pasta,68
2023-10-28,Saturday,Sunny,Pizza,21
2023-10-28,Saturday,Sunny,Burger,60
2023-10-28,Saturday,Sunny,Salad,28
2023-10-28,Saturday,Sunny,Biryani,48
2023-10-29,Sunday,Sunny,Sandwich,48
2023-10-29,Sunday,Sunny,Pasta,41
2023-10-29,Sunday,Sunny,Pizza,65
2023-10-29,Sunday,Sunny,Burger,51
2023-10-29,Sunday,Sunny,Salad,70
2023-10-29,Sunday,Sunny,Biryani,17
2023-10-30,Monday,Sunny,Sandwich,54
2023-10-30,Monday,Sunny,Pasta,31
2023-10-30,Monday,Sunny,Pizza,16
2023-10-30,Monday,Sunny,Burger,18
2023-10-30,Monday,Sunny,Salad,46
2023-10-30,Monday,Sunny,Biryani,11
2023-10-31,Tuesday,Cloudy,Sandwich,32
2023-10-31,Tuesday,Cloudy,Pasta,58
2023-10-31,Tuesday,Cloudy,Pizza,66
2023-10-31,Tuesday,Cloudy,Burger,14
2023-10-31,Tuesday,Cloudy,Salad,20
2023-10-31,Tuesday,Cloudy,Biryani,63
2023-11-01,Wednesday,Cloudy,Sandwich,61
2023-11-01,Wednesday,Cloudy,Pasta,10
2023-11-01,Wednesday,Cloudy,Pizza,23
2023-11-01,Wednesday,Cloudy,Burger,16
2023-11-01,Wednesday,Cloudy,Salad,34
2023-11-01,Wednesday,Cloudy,Biryani,67
2023-11-02,Thursday,Cloudy,Sandwich,71
2023-11-02,Thursday,Cloudy,Pasta,69
2023-11-02,Thursday,Cloudy,Pizza,17
2023-11-02,Thursday,Cloudy,Burger,41
2023-11-02,Thursday,Cloudy,Salad,23
2023-11-02,Thursday,Cloudy,Biryani,13
2023-11-03,Friday,Cloudy,Sandwich,21
2023-11-03,Friday,Cloudy,Pasta,12
2023-11-03,Friday,Cloudy,Pizza,18
2023-11-03,Friday,Cloudy,Burger,65
2023-11-03,Friday,Cloudy,Salad,38
2023-11-03,Friday,Cloudy,Biryani,52
2023-11-04,Saturday,Cloudy,Sandwich,25
2023-11-04,Saturday,Cloudy,Pasta,15
2023-11-04,Saturday,Cloudy,Pizza,54
2023-11-04,Saturday,Cloudy,Burger,23
2023-11-04,Saturday,Cloudy,Salad,13
2023-11-04,Saturday,Cloudy,Biryani,62
2023-11-05,Sunday,Cloudy,Sandwich,44
2023-11-05,Sunday,Cloudy,Pasta,53
2023-11-05,Sunday,Cloudy,Pizza,37
2023-11-05,Sunday,Cloudy,Burger,37
2023-11-05,Sunday,Cloudy,Salad,10
2023-11-05,Sunday,Cloudy,Biryani,32
2023-11-06,Monday,Sunny,Sandwich,28
2023-11-06,Monday,Sunny,Pasta,63
2023-11-06,Monday,Sunny,Pizza,40
2023-11-06,Monday,Sunny,Burger,41
2023-11-06,Monday,Sunny,Salad,70
2023-11-06,Monday,Sunny,Biryani,63
2023-11-07,Tuesday,Cloudy,Sandwich,12
2023-11-07,Tuesday,Cloudy,Pasta,37
2023-11-07,Tuesday,Cloudy,Pizza,51
2023-11-07,Tuesday,Cloudy,Burger,11
2023-11-07,Tuesday,Cloudy,Salad,58
2023-11-07,Tuesday,Cloudy,Biryani,53
2023-11-08,Wednesday,Sunny,Sandwich,17
2023-11-08,Wednesday,Sunny,Pasta,66
2023-11-08,Wednesday,Sunny,Pizza,64
2023-11-08,Wednesday,Sunny,Burger,38
2023-11-08,Wednesday,Sunny,Salad,23
2023-11-08,Wednesday,Sunny,Biryani,18
2023-11-09,Thursday,Sunny,Sandwich,41
2023-11-09,Thursday,Sunny,Pasta,55
2023-11-09,Thursday,Sunny,Pizza,50
2023-11-09,Thursday,Sunny,Burger,58
2023-11-09,Thursday,Sunny,Salad,64
2023-11-09,Thursday,Sunny,Biryani,67
2023-11-10,Friday,Sunny,Sandwich,16
2023-11-10,Friday,Sunny,Pasta,21
2023-11-10,Friday,Sunny,Pizza,33
2023-11-10,Friday,Sunny,Burger,10
2023-11-10,Friday,Sunny,Salad,10
2023-11-10,Friday,Sunny,Biryani,53
2023-11-11,Saturday,Cloudy,Sandwich,22
2023-11-11,Saturday,Cloudy,Pasta,21
2023-11-11,Saturday,Cloudy,Pizza,15
2023-11-11,Saturday,Cloudy,Burger,43
2023-11-11,Saturday,Cloudy,Salad,18
2023-11-11,Saturday,Cloudy,Biryani,34
2023-11-12,Sunday,Rainy,Sandwich,19
2023-11-12,Sunday,Rainy,Pasta,35
2023-11-12,Sunday,Rainy,Pizza,57
2023-11-12,Sunday,Rainy,Burger,58
2023-11-12,Sunday,Rainy,Salad,44
2023-11-12,Sunday,Rainy,Biryani,64
2023-11-13,Monday,Cloudy,Sandwich,43
2023-11-13,Monday,Cloudy,Pasta,14
2023-11-13,Monday,Cloudy,Pizza,24
2023-11-13,Monday,Cloudy,Burger,17
2023-11-13,Monday,Cloudy,Salad,44
2023-11-13,Monday,Cloudy,Biryani,50
2023-11-14,Tuesday,Cloudy,Sandwich,30
2023-11-14,Tuesday,Cloudy,Pasta,35
2023-11-14,Tuesday,Cloudy,Pizza,14
2023-11-14,Tuesday,Cloudy,Burger,40
2023-11-14,Tuesday,Cloudy,Salad,28
2023-11-14,Tuesday,Cloudy,Biryani,12
2023-11-15,Wednesday,Cloudy,Sandwich,42
2023-11-15,Wednesday,Cloudy,Pasta,48
2023-11-15,Wednesday,Cloudy,Pizza,64
2023-11-15,Wednesday,Cloudy,Burger,26
2023-11-15,Wednesday,Cloudy,Salad,27
2023-11-15,Wednesday,Cloudy,Biryani,41
2023-11-16,Thursday,Sunny,Sandwich,56
2023-11-16,Thursday,Sunny,Pasta,39
2023-11-16,Thursday,Sunny,Pizza,53
2023-11-16,Thursday,Sunny,Burger,48
2023-11-16,Thursday,Sunny,Salad,51
2023-11-16,Thursday,Sunny,Biryani,14
2023-11-17,Friday,Sunny,Sandwich,38
2023-11-17,Friday,Sunny,Pasta,26
2023-11-17,Friday,Sunny,Pizza,19
2023-11-17,Friday,Sunny,Burger,14
2023-11-17,Friday,Sunny,Salad,24
2023-11-17,Friday,Sunny,Biryani,47
2023-11-18,Saturday,Rainy,Sandwich,53
2023-11-18,Saturday,Rainy,Pasta,10
2023-11-18,Saturday,Rainy,Pizza,27
2023-11-18,Saturday,Rainy,Burger,52
2023-11-18,Saturday,Rainy,Salad,67
2023-11-18,Saturday,Rainy,Biryani,14
2023-11-19,Sunday,Rainy,Sandwich,17
2023-11-19,Sunday,Rainy,Pasta,13
2023-11-19,Sunday,Rainy,Pizza,51
2023-11-19,Sunday,Rainy,Burger,25
2023-11-19,Sunday,Rainy,Salad,27
2023-11-19,Sunday,Rainy,Biryani,55
2023-11-20,Monday,Rainy,Sandwich,43
2023-11-20,Monday,Rainy,Pasta,70
2023-11-20,Monday,Rainy,Pizza,44
2023-11-20,Monday,Rainy,Burger,60
2023-11-20,Monday,Rainy,Salad,15
2023-11-20,Monday,Rainy,Biryani,56
2023-11-21,Tuesday,Sunny,Sandwich,43
2023-11-21,Tuesday,Sunny,Pasta,59
2023-11-21,Tuesday,Sunny,Pizza,11
2023-11-21,Tuesday,Sunny,Burger,41
2023-11-21,Tuesday,Sunny,Salad,41
2023-11-21,Tuesday,Sunny,Biryani,38
2023-11-22,Wednesday,Sunny,Sandwich,19
2023-11-22,Wednesday,Sunny,Pasta,44
2023-11-22,Wednesday,Sunny,Pizza,25
2023-11-22,Wednesday,Sunny,Burger,49
2023-11-22,Wednesday,Sunny,Salad,46
2023-11-22,Wednesday,Sunny,Biryani,54
2023-11-23,Thursday,Rainy,Sandwich,10
2023-11-23,Thursday,Rainy,Pasta,40
2023-11-23,Thursday,Rainy,Pizza,29
2023-11-23,Thursday,Rainy,Burger,40
2023-11-23,Thursday,Rainy,Salad,53
2023-11-23,Thursday,Rainy,Biryani,30
2023-11-24,Friday,Sunny,Sandwich,24
2023-11-24,Friday,Sunny,Pasta,10
2023-11-24,Friday,Sunny,Pizza,20
2023-11-24,Friday,Sunny,Burger,59
2023-11-24,Friday,Sunny,Salad,57
2023-11-24,Friday,Sunny,Biryani,27
2023-11-25,Saturday,Cloudy,Sandwich,58
2023-11-25,Saturday,Cloudy,Pasta,42
2023-11-25,Saturday,Cloudy,Pizza,28
2023-11-25,Saturday,Cloudy,Burger,19
2023-11-25,Saturday,Cloudy,Salad,12
2023-11-25,Saturday,Cloudy,Biryani,26
2023-11-26,Sunday,Sunny,Sandwich,41
2023-11-26,Sunday,Sunny,Pasta,35
2023-11-26,Sunday,Sunny,Pizza,30
2023-11-26,Sunday,Sunny,Burger,37
2023-11-26,Sunday,Sunny,Salad,23
2023-11-26,Sunday,Sunny,Biryani,14
2023-11-27,Monday,Sunny,Sandwich,40
2023-11-27,Monday,Sunny,Pasta,66
2023-11-27,Monday,Sunny,Pizza,65
2023-11-27,Monday,Sunny,Burger,24
2023-11-27,Monday,Sunny,Salad,63
2023-11-27,Monday,Sunny,Biryani,18
2023-11-28,Tuesday,Rainy,Sandwich,63
2023-11-28,Tuesday,Rainy,Pasta,46
2023-11-28,Tuesday,Rainy,Pizza,68
2023-11-28,Tuesday,Rainy,Burger,41
2023-11-28,Tuesday,Rainy,Salad,32
2023-11-28,Tuesday,Rainy,Biryani,34
2023-11-29,Wednesday,Sunny,Sandwich,66
2023-11-29,Wednesday,Sunny,Pasta,22
2023-11-29,Wednesday,Sunny,Pizza,43
2023-11-29,Wednesday,Sunny,Burger,18
2023-11-29,Wednesday,Sunny,Salad,19
2023-11-29,Wednesday,Sunny,Biryani,32
2023-11-30,Thursday,Cloudy,Sandwich,48
2023-11-30,Thursday,Cloudy,Pasta,26
2023-11-30,Thursday,Cloudy,Pizza,54
2023-11-30,Thursday,Cloudy,Burger,19
2023-11-30,Thursday,Cloudy,Salad,26
2023-11-30,Thursday,Cloudy,Biryani,68
2023-12-01,Friday,Sunny,Sandwich,39
2023-12-01,Friday,Sunny,Pasta,23
2023-12-01,Friday,Sunny,Pizza,15
2023-12-01,Friday,Sunny,Burger,45
2023-12-01,Friday,Sunny,Salad,23
2023-12-01,Friday,Sunny,Biryani,18
2023-12-02,Saturday,Sunny,Sandwich,15
2023-12-02,Saturday,Sunny,Pasta,52
2023-12-02,Saturday,Sunny,Pizza,26
2023-12-02,Saturday,Sunny,Burger,61
2023-12-02,Saturday,Sunny,Salad,51
2023-12-02,Saturday,Sunny,Biryani,49
2023-12-03,Sunday,Cloudy,Sandwich,11
2023-12-03,Sunday,Cloudy,Pasta,62
2023-12-03,Sunday,Cloudy,Pizza,65
2023-12-03,Sunday,Cloudy,Burger,13
2023-12-03,Sunday,Cloudy,Salad,54
2023-12-03,Sunday,Cloudy,Biryani,63
2023-12-04,Monday,Rainy,Sandwich,26
2023-12-04,Monday,Rainy,Pasta,61
2023-12-04,Monday,Rainy,Pizza,42
2023-12-04,Monday,Rainy,Burger,31
2023-12-04,Monday,Rainy,Salad,31
2023-12-04,Monday,Rainy,Biryani,49
2023-12-05,Tuesday,Rainy,Sandwich,71
2023-12-05,Tuesday,Rainy,Pasta,66
2023-12-05,Tuesday,Rainy,Pizza,52
2023-12-05,Tuesday,Rainy,Burger,53
2023-12-05,Tuesday,Rainy,Salad,27
2023-12-05,Tuesday,Rainy,Biryani,61
2023-12-06,Wednesday,Cloudy,Sandwich,55
2023-12-06,Wednesday,Cloudy,Pasta,11
2023-12-06,Wednesday,Cloudy,Pizza,64
2023-12-06,Wednesday,Cloudy,Burger,27
2023-12-06,Wednesday,Cloudy,Salad,22
2023-12-06,Wednesday,Cloudy,Biryani,59
2023-12-07,Thursday,Rainy,Sandwich,16
2023-12-07,Thursday,Rainy,Pasta,18
2023-12-07,Thursday,Rainy,Pizza,59
2023-12-07,Thursday,Rainy,Burger,34
2023-12-07,Thursday,Rainy,Salad,57
2023-12-07,Thursday,Rainy,Biryani,37
2023-12-08,Friday,Sunny,Sandwich,52
2023-12-08,Friday,Sunny,Pasta,13
2023-12-08,Friday,Sunny,Pizza,46
2023-12-08,Friday,Sunny,Burger,49
2023-12-08,Friday,Sunny,Salad,38
2023-12-08,Friday,Sunny,Biryani,14
2023-12-09,Saturday,Cloudy,Sandwich,38
2023-12-09,Saturday,Cloudy,Pasta,29
2023-12-09,Saturday,Cloudy,Pizza,62
2023-12-09,Saturday,Cloudy,Burger,45
2023-12-09,Saturday,Cloudy,Salad,57
2023-12-09,Saturday,Cloudy,Biryani,64
2023-12-10,Sunday,Sunny,Sandwich,35
2023-12-10,Sunday,Sunny,Pasta,52
2023-12-10,Sunday,Sunny,Pizza,22
2023-12-10,Sunday,Sunny,Burger,11
2023-12-10,Sunday,Sunny,Salad,13
2023-12-10,Sunday,Sunny,Biryani,26
2023-12-11,Monday,Cloudy,Sandwich,40
2023-12-11,Monday,Cloudy,Pasta,54
2023-12-11,Monday,Cloudy,Pizza,44
2023-12-11,Monday,Cloudy,Burger,21
2023-12-11,Monday,Cloudy,Salad,12
2023-12-11,Monday,Cloudy,Biryani,50
2023-12-12,Tuesday,Sunny,Sandwich,35
2023-12-12,Tuesday,Sunny,Pasta,55
2023-12-12,Tuesday,Sunny,Pizza,21
2023-12-12,Tuesday,Sunny,Burger,20
2023-12-12,Tuesday,Sunny,Salad,21
2023-12-12,Tuesday,Sunny,Biryani,61
2023-12-13,Wednesday,Rainy,Sandwich,34
2023-12-13,Wednesday,Rainy,Pasta,21
2023-12-13,Wednesday,Rainy,Pizza,47
2023-12-13,Wednesday,Rainy,Burger,20
2023-12-13,Wednesday,Rainy,Salad,65
2023-12-13,Wednesday,Rainy,Biryani,27
2023-12-14,Thursday,Sunny,Sandwich,13
2023-12-14,Thursday,Sunny,Pasta,50
2023-12-14,Thursday,Sunny,Pizza,24
2023-12-14,Thursday,Sunny,Burger,55
2023-12-14,Thursday,Sunny,Salad,50
2023-12-14,Thursday,Sunny,Biryani,64
2023-12-15,Friday,Cloudy,Sandwich,53
2023-12-15,Friday,Cloudy,Pasta,21
2023-12-15,Friday,Cloudy,Pizza,25
2023-12-15,Friday,Cloudy,Burger,66
2023-12-15,Friday,Cloudy,Salad,42
2023-12-15,Friday,Cloudy,Biryani,22
2023-12-16,Saturday,Cloudy,Sandwich,58
2023-12-16,Saturday,Cloudy,Pasta,27
2023-12-16,Saturday,Cloudy,Pizza,21
2023-12-16,Saturday,Cloudy,Burger,32
2023-12-16,Saturday,Cloudy,Salad,19
2023-12-16,Saturday,Cloudy,Biryani,46
2023-12-17,Sunday,Sunny,Sandwich,47
2023-12-17,Sunday,Sunny,Pasta,45
2023-12-17,Sunday,Sunny,Pizza,26
2023-12-17,Sunday,Sunny,Burger,32
2023-12-17,Sunday,Sunny,Salad,30
2023-12-17,Sunday,Sunny,Biryani,59
2023-12-18,Monday,Rainy,Sandwich,46
2023-12-18,Monday,Rainy,Pasta,60
2023-12-18,Monday,Rainy,Pizza,17
2023-12-18,Monday,Rainy,Burger,39
2023-12-18,Monday,Rainy,Salad,25
2023-12-18,Monday,Rainy,Biryani,13
2023-12-19,Tuesday,Cloudy,Sandwich,56
2023-12-19,Tuesday,Cloudy,Pasta,23
2023-12-19,Tuesday,Cloudy,Pizza,47
2023-12-19,Tuesday,Cloudy,Burger,10
2023-12-19,Tuesday,Cloudy,Salad,57
2023-12-19,Tuesday,Cloudy,Biryani,46
2023-12-20,Wednesday,Sunny,Sandwich,39
2023-12-20,Wednesday,Sunny,Pasta,55
2023-12-20,Wednesday,Sunny,Pizza,65
2023-12-20,Wednesday,Sunny,Burger,25
2023-12-20,Wednesday,Sunny,Salad,27
2023-12-20,Wednesday,Sunny,Biryani,41
2023-12-21,Thursday,Cloudy,Sandwich,25
2023-12-21,Thursday,Cloudy,Pasta,71
2023-12-21,Thursday,Cloudy,Pizza,24
2023-12-21,Thursday,Cloudy,Burger,21
2023-12-21,Thursday,Cloudy,Salad,32
2023-12-21,Thursday,Cloudy,Biryani,41
2023-12-22,Friday,Sunny,Sandwich,52
2023-12-22,Friday,Sunny,Pasta,31
2023-12-22,Friday,Sunny,Pizza,20
2023-12-22,Friday,Sunny,Burger,55
2023-12-22,Friday,Sunny,Salad,70
2023-12-22,Friday,Sunny,Biryani,44
2023-12-23,Saturday,Cloudy,Sandwich,27
2023-12-23,Saturday,Cloudy,Pasta,12
2023-12-23,Saturday,Cloudy,Pizza,56
2023-12-23,Saturday,Cloudy,Burger,10
2023-12-23,Saturday,Cloudy,Salad,30
2023-12-23,Saturday,Cloudy,Biryani,29
2023-12-24,Sunday,Sunny,Sandwich,52
2023-12-24,Sunday,Sunny,Pasta,29
2023-12-24,Sunday,Sunny,Pizza,31
2023-12-24,Sunday,Sunny,Burger,11
2023-12-24,Sunday,Sunny,Salad,18
2023-12-24,Sunday,Sunny,Biryani,12
2023-12-25,Monday,Rainy,Sandwich,25
2023-12-25,Monday,Rainy,Pasta,36
2023-12-25,Monday,Rainy,Pizza,13
2023-12-25,Monday,Rainy,Burger,26
2023-12-25,Monday,Rainy,Salad,52
2023-12-25,Monday,Rainy,Biryani,34
2023-12-26,Tuesday,Rainy,Sandwich,27
2023-12-26,Tuesday,Rainy,Pasta,41
2023-12-26,Tuesday,Rainy,Pizza,48
2023-12-26,Tuesday,Rainy,Burger,23
2023-12-26,Tuesday,Rainy,Salad,33
2023-12-26,Tuesday,Rainy,Biryani,68
2023-12-27,Wednesday,Cloudy,Sandwich,12
2023-12-27,Wednesday,Cloudy,Pasta,70
2023-12-27,Wednesday,Cloudy,Pizza,41
2023-12-27,Wednesday,Cloudy,Burger,27
2023-12-27,Wednesday,Cloudy,Salad,59
2023-12-27,Wednesday,Cloudy,Biryani,60
2023-12-28,Thursday,Rainy,Sandwich,16
2023-12-28,Thursday,Rainy,Pasta,17
2023-12-28,Thursday,Rainy,Pizza,70
2023-12-28,Thursday,Rainy,Burger,49
2023-12-28,Thursday,Rainy,Salad,24
2023-12-28,Thursday,Rainy,Biryani,61
2023-12-29,Friday,Sunny,Sandwich,67
2023-12-29,Friday,Sunny,Pasta,64
2023-12-29,Friday,Sunny,Pizza,56
2023-12-29,Friday,Sunny,Burger,29
2023-12-29,Friday,Sunny,Salad,50
2023-12-29,Friday,Sunny,Biryani,44
2023-12-30,Saturday,Cloudy,Sandwich,36
2023-12-30,Saturday,Cloudy,Pasta,30
2023-12-30,Saturday,Cloudy,Pizza,71
2023-12-30,Saturday,Cloudy,Burger,59
2023-12-30,Saturday,Cloudy,Salad,26
2023-12-30,Saturday,Cloudy,Biryani,33
2023-12-31,Sunday,Cloudy,Sandwich,10
2023-12-31,Sunday,Cloudy,Pasta,61
2023-12-31,Sunday,Cloudy,Pizza,33
2023-12-31,Sunday,Cloudy,Burger,32
2023-12-31,Sunday,Cloudy,Salad,46
2023-12-31,Sunday,Cloudy,Biryani,45
